Title;Primary hostaddress;Host in cluster;Running on host / cluster;CMDB status;Operating system
10.6.13.12;10.6.13.12;RZ1-ESX-41;CL_BEU;in operation;Linux
10.6.8.23;10.6.8.23;RZ2-ESX-39;CL_WEB;in operation;Windows Server 2003 Standard
10.70.150.33;10.70.150.33;RZ2-ESX-41;CL_BEU;in operation;Linux
10.75.2.10;10.75.2.10;RZ2-ESX-37;CL_DMZ;in operation;Windows Server 2008 R2
10.75.2.31;10.75.2.31;RZ2-ESX-36;CL_DMZ;in operation;Windows
10.75.2.32;10.75.2.32;RZ1-ESX-37;CL_DMZ;in operation;Windows
10.75.64.134;10.75.64.134;RZ1-ESX-37;CL_DMZ;in operation;Windows Server 2008
10.75.64.135;10.75.64.135;RZ2-ESX-37;CL_DMZ;in operation;Windows Server 2008
3PAR-SSMC2;10.3.100.14;rz2-esx-32.bev.int;CL_PU;in operation;Debian GNU/Linux 11
AC-PU-01;10.1.6.31;RZ2-ESX-59;CL_WEB;in operation;CentOS 4/5
AC-TU-01;10.1.6.21;RZ1-ESX-32;CL_PU;in operation;Rocky Linux 9.5
AGIS-G3G4-01.bev.int;;RZ1-ESX-33;CL_PU;in operation;Windows Server 2019 Datacenter
AMAP-1;;;;in operation;Rocky Linux 8.6
AMAP-2;10.1.42.82;;;in operation;Rocky Linux 8.6
AMAP-3;10.1.42.85;;;in operation;Rocky Linux 9.2
apexcentral01;10.2.1.115;RZ1-ESX-50;CL_PU;in operation;Windows
ApexMPN;10.1.37.112;;;in operation;Windows Server 2019
apexone01;10.2.1.112;RZ1-ESX-34;CL_PU;in operation;Windows
APOS-CORS-01.bev.int;10.1.4.37;RZ1-ESX-38;CL_APOS;in operation;Windows Server 2019
APOS-EXT-BRC-01;10.1.5.121;;;in operation;CentOS 4/5
APOS-EXT-BRC-02;10.1.5.122;RZ1-ESX-38;CL_APOS;in operation;CentOS 4/5
APOS-EXT-CAS-01;10.1.5.41;RZ2-ESX-40;CL_APOS;in operation;Other 4.x or later Linux
APOS-EXT-CAS-02;10.1.5.42;;;in operation;Other 4.x or later Linux
APOS-EXT-CAS-03;10.1.5.43;RZ2-ESX-38;CL_APOS;in operation;CentOS 4/5
APOS-EXT-GPP-01;10.1.5.71;RZ1-ESX-38;CL_APOS;in operation;Windows Server 2019
APOS-EXT-GPP-02;10.1.5.72;RZ2-ESX-38;CL_APOS;in operation;Windows Server 2019
APOS-EXT-GPP-03;10.1.5.73;RZ2-ESX-38;CL_APOS;in operation;Windows Server 2019
APOS-EXT-GPP-11;10.1.5.81;RZ2-ESX-38;CL_APOS;in operation;Windows Server 2019
APOS-EXT-GPP-12;10.1.5.82;RZ2-ESX-38;CL_APOS;in operation;Windows Server 2019
APOS-EXT-GPP-13;10.1.5.83;rz1-esx-22.bev.int;CL_APOS;in operation;Windows Server 2019
APOS-EXT-GPP-14;10.1.5.84;rz1-esx-22.bev.int;CL_APOS;in operation;Windows Server 2019
APOS-EXT-GPP-15;10.1.5.85;RZ1-ESX-38;CL_APOS;in operation;Windows Server 2019
APOS-EXT-GPP-21;10.1.5.91;RZ2-ESX-38;CL_APOS;in operation;Windows Server 2019
APOS-EXT-GPP-22;10.1.5.92;RZ2-ESX-38;CL_APOS;in operation;Windows Server 2019
APOS-EXT-GPP-23;10.1.5.93;rz1-esx-22.bev.int;CL_APOS;in operation;Windows Server 2019
APOS-EXT-GPP-24;10.1.5.94;RZ1-ESX-38;CL_APOS;in operation;Windows Server 2019
APOS-EXT-GPP-25;10.1.5.95;RZ2-ESX-40;CL_APOS;in operation;Windows Server 2019
APOS-EXT-GPP-31;10.1.5.101;rz1-esx-22.bev.int;CL_APOS;in operation;Windows Server 2019
APOS-EXT-GPP-32;10.1.5.102;RZ2-ESX-40;CL_APOS;in operation;Windows Server 2019
APOS-EXT-GPP-33;10.1.5.103;RZ2-ESX-40;CL_APOS;in operation;Windows Server 2019
APOS-EXT-LOG-01;10.1.5.21;RZ2-ESX-38;CL_APOS;in operation;Windows Server 2019
APOS-EXT-TPP-01;10.1.5.51;rz1-esx-22.bev.int;CL_APOS;in operation;Windows Server 2019
APOS-EXT-TPP-02;10.1.5.52;RZ2-ESX-38;CL_APOS;in operation;Windows Server 2019
APOS-EXT-TRF-01;10.1.5.141;;;in operation;CentOS 4/5
APOS-EXT-TRF-02;10.1.5.142;;;in operation;CentOS 4/5
APOS-EXT-TRF-03;10.1.5.143;;;in operation;CentOS 4/5
APOS-INT-CAS-01;10.1.4.41;RZ2-ESX-40;CL_APOS;in operation;Other 4.x or later Linux
APOS-INT-CAS-02;10.1.4.42;RZ2-ESX-40;CL_APOS;in operation;Other 4.x or later Linux
APOS-INT-CAS-03;10.1.4.43;;;in operation;CentOS 4/5
APOS-INT-CTL-01;10.1.4.111;RZ1-ESX-38;CL_APOS;in operation;CentOS 4/5
APOS-INT-CTL-03;10.1.4.113;rz1-esx-22.bev.int;CL_APOS;in operation;CentOS 4/5
APOS-INT-DBS-03;10.1.4.123;rz1-esx-22.bev.int;CL_APOS;in operation;CentOS 4/5
APOS-INT-GPP-01.bev.int;10.1.4.71;rz2-esx-22.bev.int;CL_APOS;in operation;Windows Server 2019
APOS-INT-GPP-02.bev.int;10.1.4.72;RZ1-ESX-40;CL_APOS;in operation;Windows Server 2019
APOS-INT-GPP-03.bev.int;10.1.4.73;rz2-esx-21.bev.int;CL_APOS;in operation;Windows Server 2019
APOS-INT-GPP-04;10.1.4.74;RZ2-ESX-38;CL_APOS;in operation;Windows Server 2019
APOS-INT-GPP-05.bev.int;10.1.4.75;RZ2-ESX-38;CL_APOS;in operation;Windows Server 2019
APOS-INT-GPP-06.bev.int;10.1.4.76;RZ2-ESX-40;CL_APOS;in operation;Windows Server 2016
APOS-INT-LOG-01.bev.int;10.1.4.21;RZ1-ESX-38;CL_APOS;in operation;Windows Server 2019
APOS-INT-RNX-01;10.1.4.61;rz1-esx-22.bev.int;CL_APOS;in operation;CentOS 4/5
APOS-INT-RNX-02;10.1.4.62;;;in operation;CentOS 4/5
APOS-INT-RNX-03;10.1.4.63;;;in operation;CentOS 4/5
APOS-INT-TPP-01.bev.int;10.1.4.51;RZ1-ESX-38;CL_APOS;in operation;Windows Server 2019
APOS-INT-TPP-02.bev.int;10.1.4.52;rz1-esx-22.bev.int;CL_APOS;in operation;Windows Server 2019
APOS-INT-TPP-03.bev.int;10.1.4.150;RZ2-ESX-40;CL_APOS;in operation;Windows Server 2019
APOS-MSSQL-01.bev.int;10.1.4.66;RZ2-ESX-38;CL_APOS;in operation;Windows Server 2019
APOS-PSQL-01;10.1.4.67;;;in operation;CentOS 4/5
APOS-PSQL-03;10.1.4.68;RZ2-ESX-40;CL_APOS;in operation;CentOS 4/5
APOS-VPN-01;10.1.38.11;RZ2-ESX-40;CL_APOS;in operation;CentOS 4/5
APOSENTRY-01.bev.int;10.1.4.100;RZ2-ESX-40;CL_APOS;in operation;Windows Server 2019
APOSENTRY-01old.bev.int;10.1.4.101;;;in operation;Windows Server 2008 R2
APOSMGNSS-01;10.1.4.69;;;in operation;CentOS 7
APOSMON-01;;RZ2-ESX-37;CL_DMZ;in operation;CentOS Linux 7.7.1908
APOSTEST.beu.local;10.70.2.38;;;in operation;Windows
AST-01;10.1.15.12;RZ1-ESX-39;CL_WEB;in operation;CentOS 7
AST-02;10.1.15.112;RZ1-ESX-39;CL_WEB;in operation;CentOS 7
AST-03;10.1.43.11;RZ1-ESX-39;CL_WEB;in operation;CentOS 4/5
BEUAMAP-01;10.70.5.51;RZ1-ESX-41;CL_BEU;in operation;Rocky Linux 9.4
BEUAPP-1;10.70.2.37;rz2-esx-51.bev.int;CL_BEU;in operation;Rocky Linux 9.5
BEUCIO-01;10.6.13.13;rz2-esx-51.bev.int;CL_BEU;in operation;CentOS 4/5
BEUCIO-02;10.6.13.14;rz2-esx-51.bev.int;CL_BEU;in operation;CentOS 4/5
BEUCLX-00;;RZ2-ESX-41;CL_BEU;in operation;CentOS
BEUCLX-01;;RZ2-ESX-41;CL_BEU;in operation;CentOS
BEUCLX-02;10.70.150.32;RZ1-ESX-51.bev.int;CL_BEU;in operation;CentOS 4/5
BEUCLX-03;10.70.150.33;RZ2-ESX-41;CL_BEU;in operation;CentOS 4/5
BEUCLX-04;10.70.150.34;RZ1-ESX-51.bev.int;CL_BEU;in operation;CentOS 4/5
BEUCLX-05;10.70.150.35;RZ1-ESX-41;CL_BEU;in operation;CentOS 4/5
BEUCLX-06;10.70.150.36;RZ1-ESX-51.bev.int;CL_BEU;in operation;CentOS 4/5
BEUCLX-07;192.168.122.1;RZ2-ESX-41;CL_BEU;in operation;CentOS 7
BEUCLX-08;10.70.150.38;RZ2-ESX-41;CL_BEU;in operation;CentOS 4/5
BEUCLX-10;10.70.150.40;RZ2-ESX-41;CL_BEU;in operation;CentOS 4/5
BEUCLX-11;10.70.150.41;RZ1-ESX-51.bev.int;CL_BEU;in operation;CentOS 4/5
BEUCLX-12;10.70.150.42;rz2-esx-51.bev.int;CL_BEU;in operation;CentOS 4/5
BEUCLX-13;10.70.150.43;RZ1-ESX-51.bev.int;CL_BEU;in operation;CentOS 4/5
BEUCLX-14;10.70.150.44;RZ1-ESX-41;CL_BEU;in operation;CentOS 4/5
BEUCLX-15;10.70.150.45;RZ1-ESX-41;CL_BEU;in operation;CentOS 4/5
BEUCLX-16;10.70.150.46;RZ1-ESX-41;CL_BEU;in operation;CentOS 4/5
BEUCLX-17;10.70.150.47;rz2-esx-51.bev.int;CL_BEU;in operation;CentOS 4/5
BEUCLX-18;10.70.150.48;RZ1-ESX-41;CL_BEU;in operation;CentOS 4/5
BEUCLX-19;10.70.150.49;RZ1-ESX-41;CL_BEU;in operation;CentOS 4/5
BEUCLX-20;10.70.150.50;RZ2-ESX-41;CL_BEU;in operation;CentOS 4/5
BEUCLX-21;10.70.150.51;RZ1-ESX-41;CL_BEU;in operation;CentOS 4/5
BEUCLX-22;10.70.150.52;RZ1-ESX-41;CL_BEU;in operation;Rocky Linux
BEUCLX-23;10.70.150.53;RZ1-ESX-41;CL_BEU;in operation;Rocky Linux
BEUCLX-24;10.70.150.54;RZ1-ESX-51.bev.int;CL_BEU;in operation;Rocky Linux
BEUCLX-25;10.70.150.55;RZ1-ESX-51.bev.int;CL_BEU;in operation;Rocky Linux
BEUCLX-26;10.70.150.56;RZ1-ESX-41;CL_BEU;in operation;Rocky Linux
BEUCLX-27;10.70.150.57;RZ1-ESX-51.bev.int;CL_BEU;in operation;Rocky Linux
BEUCLX-28;10.70.150.58;rz2-esx-51.bev.int;CL_BEU;in operation;Rocky Linux
BEUCLX-29;10.70.150.59;rz2-esx-51.bev.int;CL_BEU;in operation;Rocky Linux
BEUCLX-30;10.70.150.60;RZ1-ESX-41;CL_BEU;in operation;Rocky Linux
BEUCLX-V1-00;;RZ1-ESX-41;CL_BEU;in operation;CentOS
BEUCLX-V1-01;10.6.12.11;RZ2-ESX-41;CL_BEU;in operation;Rocky Linux
BEUCLX-V1-02;10.6.12.12;RZ1-ESX-51.bev.int;CL_BEU;in operation;CentOS 4/5
BEUCLX-V1-03;10.6.12.13;rz2-esx-51.bev.int;CL_BEU;in operation;CentOS 4/5
BEUCLX-V1-04;10.6.12.14;;;in operation;CentOS 4/5
BEUCLX-V1-05;10.6.12.15;;;in operation;Linux
BEUCLX-V1-06;10.6.12.16;rz2-esx-51.bev.int;CL_BEU;in operation;CentOS 4/5
BEUCLX-V1-07;10.6.12.17;;;in operation;CentOS 4/5
BEUCLX-V1-08;10.6.12.18;;;in operation;CentOS 4/5
BEUDOK-1;10.70.2.40;RZ1-ESX-51.bev.int;CL_BEU;in operation;Rocky Linux 9.2
BEUGIS-1;172.22.0.1;RZ2-ESX-41;CL_BEU;in operation;CentOS Linux 7.8.2003
BEUKFS-1;10.70.5.62;RZ1-ESX-41;CL_BEU;in operation;Rocky Linux 9.6
BEULDAP-1;10.70.5.65;rz2-esx-51.bev.int;CL_BEU;in operation;Rocky Linux 9.6
BEULDAP-2;10.70.5.66;RZ1-ESX-41;CL_BEU;in operation;Rocky Linux 9.6
BEUPOCVMW-03.beu.local;10.70.2.121;RZ2-ESX-41;CL_BEU;in operation;Windows Server 2019
BEUPTL-2;10.70.5.61;RZ1-ESX-41;CL_BEU;in operation;Rocky Linux 9.6
BEUQUEUE-1;10.70.2.51;rz2-esx-51.bev.int;CL_BEU;in operation;Rocky Linux 9.6
BEUQUEUE-2;10.70.2.52;RZ1-ESX-41;CL_BEU;in operation;Rocky Linux 9.6
BEUQUEUE-3;10.70.2.53;RZ1-ESX-41;CL_BEU;in operation;Rocky Linux 9.6
BEUREVDB-01;10.70.5.80;rz2-esx-51.bev.int;CL_BEU;in operation;Rocky Linux 9.5
BEUSENTRY-1;;RZ2-ESX-41;CL_BEU;in operation;CentOS Linux 7.9.2009
BEUVW10-99;10.70.150.99;RZ2-ESX-41;CL_BEU;in operation;Windows 10
BPUINAPP-01;10.2.6.115;RZ1-ESX-32;CL_PU;in operation;Rocky Linux 9.5
BPUINDB-01;10.2.6.116;RZ1-ESX-33;CL_PU;in operation;Rocky Linux 9.5
BTU-KUBCP-01;10.75.1.161;RZ1-ESX-37;CL_DMZ;in operation;Rocky Linux 9.5
BTU-KUBLOG-01;10.75.1.163;RZ1-ESX-36;CL_DMZ;in operation;Rocky Linux 9.5
BTU-KUBWN-01;10.75.1.162;RZ1-ESX-37;CL_DMZ;in operation;Rocky Linux 9.5
BTU-KUBWN-02;10.75.1.164;RZ1-ESX-37;CL_DMZ;in operation;Rocky Linux 9.5
BTUAST-01;;RZ1-ESX-37;CL_DMZ;in operation;CentOS Linux 7.9.2009
BTUAST-02;10.6.6.13;RZ1-ESX-36;CL_DMZ;in operation;Rocky Linux 8.6
BTUDBDE-01;10.75.2.37;RZ1-ESX-36;CL_DMZ;in operation;Rocky Linux 9.4
BTUDC-01;10.75.2.81;RZ2-ESX-36;CL_DMZ;in operation;CentOS Linux 7.9.2009
BTUDCCDB-01;10.75.2.39;RZ1-ESX-36;CL_DMZ;in operation;Rocky Linux 9.6
BTUESPADM-01.btu.local;10.75.1.150;RZ2-ESX-36;CL_DMZ;in operation;Windows Server 2008 R2
BTUESPPRO-01.btu.local;10.75.1.152;RZ1-ESX-36;CL_DMZ;in operation;Windows Server 2019
BTUESPPRO-02;10.75.1.154;RZ2-ESX-37;CL_DMZ;in operation;Rocky Linux 9.4
BTUESPVEI-01;10.75.1.153;RZ1-ESX-37;CL_DMZ;in operation;CentOS Linux 8.2.2004
BTUESPVMW-01.btu.local;10.75.1.151;RZ1-ESX-36;CL_DMZ;in operation;Windows Server 2019
BTUESPVMW-02;10.75.1.155;RZ2-ESX-37;CL_DMZ;in operation;Rocky Linux 9.6
BTUGIT-1;10.75.2.113;RZ1-ESX-36;CL_DMZ;in operation;CentOS Linux 7.9.2009
BTUGRUPU-1;;RZ1-ESX-36;CL_DMZ;in operation;CentOS Linux 7.8.2003
BTUGRUPU-2;10.75.2.62;RZ2-ESX-37;CL_DMZ;in operation;CentOS Linux 7.9.2009
BTUINAPP-01;10.75.2.115;RZ1-ESX-37;CL_DMZ;in operation;Rocky Linux 9.3
BTUINDB-01;10.75.2.116;RZ2-ESX-37;CL_DMZ;in operation;Rocky Linux 9.3
BTUKFS-3;10.6.6.61;RZ1-ESX-37;CL_DMZ;in operation;Rocky Linux 9.6
BTUKMORC-01;10.75.1.81;RZ2-ESX-47;CL_DB;in operation;Oracle Linux Server 9.5
BTUMMAPP-01;;RZ1-ESX-37;CL_DMZ;in operation;Rocky Linux 8.7
BTUMOODLE-01;;RZ2-ESX-36;CL_DMZ;in operation;Rocky Linux 8.6
BTUNEX-1;;RZ2-ESX-36;CL_DMZ;in operation;Rocky Linux 8.5
BTUSENTRY-1;10.75.10.11;RZ1-ESX-36;CL_DMZ;in operation;CentOS Linux 7.9.2009
BTUVDE-1;;RZ2-ESX-56.bev.int;CL_DMZ-TU;in operation;Rocky Linux 8.9
BTUVDE-2;10.75.2.122;RZ2-ESX-56.bev.int;CL_DMZ-TU;in operation;Rocky Linux 8.9
BTUVDE-3;;RZ2-ESX-56.bev.int;CL_DMZ-TU;in operation;Rocky Linux 8.9
BTUVDE-4;;RZ2-ESX-56.bev.int;CL_DMZ-TU;in operation;Rocky Linux 8.9
BTUVDE-5;10.75.2.125;RZ2-ESX-56.bev.int;CL_DMZ-TU;in operation;Rocky Linux 8.9
BTUVDE-6;;RZ2-ESX-56.bev.int;CL_DMZ-TU;in operation;Rocky Linux 8.9
BTUVDE-7;10.75.2.127;RZ2-ESX-56.bev.int;CL_DMZ-TU;in operation;Rocky Linux 8.9
BTUVDE-8;10.75.2.128;RZ2-ESX-56.bev.int;CL_DMZ-TU;in operation;Rocky Linux 8.9
BTUVEKDB-01;10.75.2.65;RZ2-ESX-37;CL_DMZ;in operation;CentOS Linux 7.9.2009
BTUVEKDB-02;;RZ1-ESX-36;CL_DMZ;in operation;CentOS Linux 7.9.2009
BTUWORKBENCHREPORT-01;10.75.2.38;RZ2-ESX-37;CL_DMZ;in operation;Rocky Linux 9.6
BTUZDA-03;10.75.2.143;RZ2-ESX-37;CL_DMZ;in operation;Rocky Linux 8.5
BUILD-01;10.2.3.18;rz2-esx-32.bev.int;CL_PU;in operation;CentOS Linux 7.9.2009
CAI-01.bev.int;10.2.1.185;rz2-esx-32.bev.int;CL_PU;in operation;Windows Server 2019 Datacenter
CAI-02.bev.int;10.2.1.186;RZ1-ESX-34;CL_PU;in operation;Windows Server 2019 Datacenter
CAROOT;;RZ1-ESX-34;CL_PU;in operation;Windows Server 2019
CentOS-REPO;;RZ1-ESX-34;CL_PU;in operation;CentOS
CMDBTEST-01;;RZ1-ESX-33;CL_PU;in operation;CentOS
cpepmgr03;10.2.1.53;rz2-esx-32.bev.int;CL_PU;in operation;Red Hat Enterprise Linux 7
CPPM01;10.2.1.221;RZ2-ESX-50;CL_PU;in operation;Other 4.x or later Linux
CPPM11;10.2.1.211;RZ1-ESX-31;CL_PU;in operation;Other 4.x or later Linux
CPPM12;10.2.1.212;RZ2-ESX-31;CL_PU;in operation;Other 4.x or later Linux
ctxnsx-01.bev.int;10.2.9.128;RZ2-ESX-31;CL_PU;in operation;Other 4.x or later Linux
DB2GIS-01;;;;in operation;Rocky Linux 8.7
DBDE-01;10.2.6.16;rz2-esx-32.bev.int;CL_PU;in operation;Rocky Linux 9.4
DC-1;10.1.6.41;;;in operation;CentOS 7
DC-2;10.1.6.32;;;in operation;CentOS 7
DC-3;10.1.6.33;;;in operation;CentOS 7
DESKTOP-0GKSU9E;10.1.37.201;RZ1-ESX-38;CL_APOS;in operation;Windows 10
DESKTOP-5V7AKTM;10.1.37.200;RZ1-ESX-38;CL_APOS;in operation;Windows 10
DHCP-01.bev.int;10.2.2.2;RZ1-ESX-34;CL_PU;in operation;Windows Server 2019 Datacenter
DHCP-02;10.2.2.102;RZ1-ESX-34;CL_PU;in operation;Windows Server 2019
DHCP-02old;;RZ1-ESX-31;CL_PU;in operation;Windows Server 2008 R2
DokuWiki;;RZ1-ESX-32;CL_PU;in operation;Rocky Linux 8.10
DPU-SCAN-01.bev.int;10.2.6.33;RZ1-ESX-50;CL_PU;in operation;Windows Server 2008 R2 Standard
egadata-01.ega.local;;RZ1-ESX-47;CL_DB;in operation;Oracle Linux Server 7.8
EGAELK-01;;RZ1-ESX-39;CL_WEB;in operation;Rocky Linux 8.6
EGAELK-02;10.1.25.12;RZ1-ESX-37;CL_DMZ;in operation;Rocky Linux 9.5
EGAPDL-01;;RZ2-ESX-59;CL_WEB;in operation;CentOS Linux 7.9.2009
EGAPDL-02;10.1.32.42;RZ1-ESX-39;CL_WEB;in operation;CentOS Linux 7.9.2009
EGASAP-01.ega.local;10.1.33.55;RZ1-ESX-36;CL_DMZ;in operation;Windows Server 2008 R2
egasdb-01.ega.local;10.1.33.72;RZ2-ESX-47;CL_DB;in operation;Oracle Linux Server 7.7
EGASIGPX-01;;RZ1-ESX-39;CL_WEB;in operation;CentOS Linux 7.7.1908
ELEMENT-01;10.2.11.210;RZ1-ESX-34;CL_PU;in operation;Rocky Linux 9.5
emcloud-01.bev.int;10.2.8.105;RZ2-ESX-31;CL_PU;in operation;Oracle Linux Server release 8.10
ESPADM-01.bev.int;10.2.5.51;RZ1-ESX-34;CL_PU;in operation;Windows Server 2008 R2 Standard
ESPADM-02.bev.int;10.2.5.57;RZ1-ESX-50;CL_PU;in operation;Windows Server 2019
ESPANA-01.bev.int;10.2.5.55;;;in operation;Windows Server 2019 Datacenter
ESPPRO-01.bev.int;10.2.5.53;RZ1-ESX-33;CL_PU;in operation;Windows Server 2019 Datacenter
ESPVEI-01;;RZ1-ESX-34;CL_PU;in operation;CentOS Linux 8.2.2004
ESPVMW-01.bev.int;10.2.5.52;RZ2-ESX-31;CL_PU;in operation;Windows Server 2019 Datacenter
ETU-HVV-01;10.6.7.39;RZ2-ESX-56.bev.int;CL_DMZ-TU;in operation;Rocky Linux 9.5
ETU-HVV-02;10.6.7.38;RZ2-ESX-56.bev.int;CL_DMZ-TU;in operation;Rocky Linux 9.5
ETU-MON-01;10.6.7.139;RZ2-ESX-56.bev.int;CL_DMZ-TU;in operation;Rocky Linux 9.5
ETUEGAELK-01;;RZ1-ESX-39;CL_WEB;in operation;Rocky Linux 8.6
ETUEGAPDL-01;;RZ1-ESX-39;CL_WEB;in operation;CentOS Linux 7.9.2009
ETUEGAPDL-02;;RZ1-ESX-39;CL_WEB;in operation;CentOS Linux 7.9.2009
etumapproxy-01.egatest.local;10.6.7.33;RZ2-ESX-36;CL_DMZ;in operation;Windows
etumapproxy-02.egatest.local;10.6.7.133;RZ2-ESX-36;CL_DMZ;in operation;Windows
Expedition;10.3.50.230;;;in operation;Ubuntu Linux
FIL-FSLOGIX.bev.int;10.2.6.201;RZ1-ESX-50;CL_PU;in operation;Windows Server 2008 R2 Standard
fil-fslogix1;;RZ1-ESX-34;CL_PU;in operation;Windows Server 2016
fpgw01;10.2.1.105;RZ1-ESX-33;CL_PU;in operation;CentOS 7
fpgw02;10.2.1.107;RZ1-ESX-34;CL_PU;in operation;CentOS 7
G-WIKI;10.2.6.50;rz2-esx-32.bev.int;CL_PU;in operation;Rocky Linux 9.6
GEOCLOUD-01;10.2.6.40;RZ1-ESX-33;CL_PU;in operation;CentOS Linux 7.5.1804
GES-01;10.1.32.66;;;in operation;CentOS Linux 7.9.2009
geuvw10-01.user.bev.int;10.6.9.61;rz2-esx-51.bev.int;CL_BEU;in operation;Windows 10 Pro
GEUVW10-02.user.bev.int;10.6.9.62;rz2-esx-51.bev.int;CL_BEU;in operation;Windows 10 Pro
GEUVW10-03.user.bev.int;10.6.9.63;rz2-esx-51.bev.int;CL_BEU;in operation;Windows 10 Pro
GEUVW10-04.user.bev.int;10.6.9.64;RZ2-ESX-41;CL_BEU;in operation;Windows 10 Pro
GEUVW10-05.user.bev.int;10.6.9.65;RZ2-ESX-41;CL_BEU;in operation;Windows 10
GEUVW10-06;;RZ2-ESX-41;CL_BEU;in operation;Windows 10
GEUVW10-07.user.bev.int;10.6.9.67;RZ1-ESX-41;CL_BEU;in operation;Windows 10 Pro
GEUVW10-08.user.bev.int;10.6.9.68;RZ1-ESX-41;CL_BEU;in operation;Windows 10 Pro
GEUVW10-09.user.bev.int;10.6.9.69;RZ1-ESX-41;CL_BEU;in operation;Windows 10 Pro
GEUVW10-11.user.bev.int;10.6.9.71;RZ1-ESX-51.bev.int;CL_BEU;in operation;Windows 10 Pro
GEUVW10-12.user.bev.int;10.6.9.72;RZ1-ESX-41;CL_BEU;in operation;Windows 10 Pro
GEUVW10-14.user.bev.int;10.6.9.74;rz2-esx-51.bev.int;CL_BEU;in operation;Windows 10 Pro
GEUVW7-01.user.bev.int;10.70.155.35;RZ2-ESX-41;CL_BEU;in operation;Windows 7
GEUVW7-03.user.bev.int;10.70.155.37;RZ1-ESX-41;CL_BEU;in operation;Windows 7 Professional
GEUVW7-04.user.bev.int;10.70.155.38;rz2-esx-51.bev.int;CL_BEU;in operation;Windows 7
GEUVW7-05.user.bev.int;10.70.155.39;rz2-esx-51.bev.int;CL_BEU;in operation;Windows 7
GEUVW7-09.user.bev.int;10.70.155.43;RZ1-ESX-51.bev.int;CL_BEU;in operation;Windows 7
GEUVW7-11.user.bev.int;10.70.155.47;;;in operation;Windows 7
GEUVW7-21.user.bev.int;10.70.155.21;RZ1-ESX-51.bev.int;CL_BEU;in operation;Windows 7
GEUVW7-22.user.bev.int;10.70.155.22;RZ1-ESX-51.bev.int;CL_BEU;in operation;Windows 7
GEUVW7-23.user.bev.int;;;;in operation;Windows 7
GEUVW7-24.user.bev.int;10.70.155.24;;;in operation;Windows 7
GEUVW7-25;10.70.155.25;RZ2-ESX-41;CL_BEU;in operation;Windows 7
GEUVW7-27;;;;in operation;Windows 7
GEUVW7-28.user.bev.int;10.70.155.45;;;in operation;Windows 7
GEUVW7-29.user.bev.int;10.70.155.46;;;in operation;Windows 7
GEUVW7-31.user.bev.int;10.70.155.31;RZ1-ESX-51.bev.int;CL_BEU;in operation;Windows 7
GEUVW7-32.user.bev.int;10.70.155.32;rz2-esx-51.bev.int;CL_BEU;in operation;Windows 7
GEUVW7-33;;RZ1-ESX-41;CL_BEU;in operation;Windows 7
GEUVW7-48.user.bev.int;10.70.155.48;RZ1-ESX-51.bev.int;CL_BEU;in operation;Windows 7
GEUVW7-49.user.bev.int;10.70.155.49;RZ2-ESX-41;CL_BEU;in operation;Windows 7
GEUVW7-50.user.bev.int;10.70.155.50;RZ1-ESX-41;CL_BEU;in operation;Windows 7
GRUPU-1;;RZ1-ESX-39;CL_WEB;in operation;CentOS Linux 7.9.2009
GRUPU-2;10.1.42.52;RZ1-ESX-39;CL_WEB;in operation;CentOS Linux 7.9.2009
GRUPU-3;;;;in operation;CentOS Linux 7.9.2009
HPE-OV4VC;;RZ1-ESX-50;CL_PU;in operation;CentOS
HPE-RDA-01;10.1.38.21;RZ1-ESX-39;CL_WEB;in operation;CentOS 4/5
HPEXP8RAID-01.bev.int;;;;in operation;Windows Server 2019 Datacenter
HPEXP8RAID-02.bev.int;;rz2-esx-34.bev.int;CL_PU;in operation;Windows Server 2019 Datacenter
HPEXPIMS-01.bev.int;10.3.100.70;RZ1-ESX-33;CL_PU;in operation;Oracle Linux 9
HPEXPPA-01.bev.int;;RZ1-ESX-32;CL_PU;in operation;Windows Server 2019 Datacenter
HVV-01;10.1.33.70;RZ2-ESX-56.bev.int;CL_DMZ-TU;in operation;Rocky Linux 9.5
IGELUMS-01.bev.int;10.2.9.11;;;in operation;Windows Server 2019 Datacenter
IGELUMS-02.bev.int;10.2.9.9;RZ2-ESX-31;CL_PU;in operation;Windows Server 2019 Datacenter
igelums-03.bev.int;10.2.9.12;RZ1-ESX-34;CL_PU;in operation;Windows Server 2019 Standard
insightvm-01;10.1.51.111;RZ2-ESX-37;CL_DMZ;in operation;Windows Server 2019
INTCLOUD-01;10.2.5.35;;;in operation;Rocky Linux 9.5
intdocx-01.bev.int;10.2.5.36;RZ1-ESX-32;CL_PU;in operation;Rocky Linux 9.6
KUTEST-01;10.2.8.95;RZ1-ESX-50;CL_PU;in operation;Rocky Linux 9.4
KUTEST-02;10.2.8.96;RZ2-ESX-31;CL_PU;in operation;CentOS 4/5
KUTEST-03;10.2.8.97;RZ2-ESX-33;CL_PU;in operation;Rocky Linux 9.4
LEHRORC-01;10.70.2.214;RZ2-ESX-47;CL_DB;in operation;Oracle Linux Server 8.8
logger02;10.1.51.99;;;in operation;
LZZ-05.bev.int;10.2.8.17;;;in operation;Windows Server 2019 Datacenter
messplatz;10.122.73.33;RZ2-ESX-36;CL_DMZ;in operation;CentOS 4/5/6
MMAPP-01;10.1.11.31;RZ2-ESX-59;CL_WEB;in operation;CentOS 4/5
MMAPP-02;10.1.11.131;;;in operation;CentOS 4/5
mmdb.bev.gv.at;;RZ1-ESX-34;CL_PU;in operation;CentOS 6.10
MOODLETEST;;RZ1-ESX-34;CL_PU;in operation;CentOS
MST-O2010.bev.int;;;;in operation;Windows Server 2008 R2
MST-OXXXX.bev.int;;;;in operation;Windows Server 2008 R2
NAGIOS-02;10.1.51.32;RZ1-ESX-37;CL_DMZ;in operation;Rocky Linux 9.4
NETBEAM-02.bev.int;10.1.41.41;RZ2-ESX-37;CL_DMZ;in operation;Windows Server 2019 Datacenter
NEXUS-1;;RZ1-ESX-34;CL_PU;in operation;Rocky Linux 8.5
NGXStreaming;;RZ1-ESX-34;CL_PU;in operation;CentOS
NPS-01.bev.int;10.2.6.41;;;in operation;Windows Server 2019 Datacenter
OL9x;;RZ1-ESX-34;CL_PU;in operation;Oracle Linux 4/5
OracleLinux-8;;RZ1-ESX-31;CL_PU;in operation;Oracle Linux 4/5
OVBACKUP-01;10.3.6.30;RZ1-ESX-32;CL_PU;in operation;CentOS 4/5
PGR-01;;RZ2-ESX-37;CL_DMZ;in operation;CentOS Linux 7.9.2009
PGSEU-01;10.70.1.51;RZ1-ESX-51.bev.int;CL_BEU;in operation;Rocky Linux 9.6
pgseu-01.beu.local;10.70.1.51;RZ2-ESX-41;CL_BEU;in operation;CentOS Linux 7.6.1810
photon-machine;10.2.7.211;;;in operation;Other 3.x Linux
photon-machine;10.2.7.205;;;in operation;Other 3.x Linux
photon-machine;10.2.7.206;RZ1-ESX-29;CL-CTX;in operation;Other 3.x Linux
photon-machine;10.2.7.199;;;in operation;Other 3.x Linux
photon-machine;10.2.7.209;;;in operation;Other 3.x Linux
photon-machine;10.2.7.213;;;in operation;Other 3.x Linux
photon-machine;10.2.7.214;;;in operation;Other 3.x Linux
photon-machine;10.2.7.202;;;in operation;Other 3.x Linux
photon-machine;10.2.7.212;;;in operation;Other 3.x Linux
photon-machine;10.2.7.219;;;in operation;Other 3.x Linux
photon-machine;10.2.7.210;;;in operation;Other 3.x Linux
photon-machine;10.2.7.198;;;in operation;Other 3.x Linux
PortalTemp;;RZ1-ESX-31;CL_PU;in operation;CentOS
PUKO-TEST;;RZ1-ESX-32;CL_PU;in operation;CentOS
puloginsight.bev.int;10.2.9.126;RZ1-ESX-34;CL_PU;in operation;SuSE Linux Enterprise Server 11
PVAMA-01;10.1.29.31;RZ1-ESX-39;CL_WEB;in operation;CentOS 7
PVAMA-02;10.1.29.131;RZ1-ESX-39;CL_WEB;in operation;CentOS 7
PVS-W7-02;;RZ1-ESX-41;CL_BEU;in operation;Windows 7
QUOWIT-01;10.3.100.15;rz1-esx-16;standalone;in operation;CentOS Linux 7.7.1908
remotesec02;10.1.41.12;RZ1-ESX-36;CL_DMZ;in operation;Windows Server 2019
RH-7x;;RZ1-ESX-32;CL_PU;in operation;Red Hat Enterprise Linux 6
RHEL9x;;RZ1-ESX-31;CL_PU;in operation;CentOS
RL8-9;;RZ1-ESX-32;CL_PU;in operation;CentOS
rl8x;;RZ2-ESX-31;CL_PU;in operation;CentOS 4/5
RL9x;;RZ2-ESX-50;CL_PU;in operation;Rocky Linux
RL9x-G73;;RZ2-ESX-50;CL_PU;in operation;Rocky Linux
RL9x-XFCE;;RZ2-ESX-50;CL_PU;in operation;CentOS 4/5
RZ-ADD-01.bev.int;10.2.8.107;RZ2-ESX-31;CL_PU;in operation;Windows Server 2019 Datacenter
RZ-ADI-01.ega.local;10.1.33.40;RZ2-ESX-36;CL_DMZ;in operation;Windows Server 2019
RZ-BEUGIS-01.beu.local;10.70.1.32;RZ2-ESX-41;CL_BEU;in operation;Windows Server 2016
RZ-ETUADI-01.egatest.local;10.6.7.40;RZ2-ESX-36;CL_DMZ;in operation;Windows Server 2019
rz-etuapp-01.egatest.local;10.6.7.62;RZ2-ESX-37;CL_DMZ;in operation;Windows
RZ-ETUIMP-01.egatest.local;10.6.7.69;RZ2-ESX-37;CL_DMZ;in operation;Windows Server 2019
rz-etumap-01.egatest.local;10.6.7.63;RZ2-ESX-37;CL_DMZ;in operation;Windows
RZ-ETUSOC-01.egatest.local;10.6.7.45;RZ1-ESX-36;CL_DMZ;in operation;Windows
RZ-ETUSOC-02.egatest.local;10.6.7.46;RZ1-ESX-37;CL_DMZ;in operation;Windows Server 2019
RZ-FME-01.bev.int;10.2.11.4;RZ1-ESX-32;CL_PU;in operation;Windows Server 2019 Datacenter
RZ-FME-02.bev.int;10.2.11.5;;;in operation;Windows Server 2019 Datacenter
RZ-IMC-01.bev.int;10.2.5.224;RZ1-ESX-33;CL_PU;in operation;Windows Server 2019 Datacenter
RZ-STCENT-01.bev.int;10.2.5.60;RZ2-ESX-31;CL_PU;in operation;Windows Server 2019 Datacenter
RZ-STROB1-01.bev.int;10.2.5.61;;;in operation;Windows Server 2019 Datacenter
RZ-STWFST-01.bev.int;10.2.5.62;;;in operation;Windows Server 2019 Datacenter
RZ0-FIL-30.bev.int;10.2.2.130;RZ1-ESX-31;CL_PU;in operation;Windows Server 2016
RZ0-FIL-50.bev.int;10.2.2.3;RZ2-ESX-50;CL_PU;in operation;Windows Server 2008 R2 Standard
RZ0-FIL-51.bev.int;10.2.2.4;rz2-esx-32.bev.int;CL_PU;in operation;Windows Server 2019 Datacenter
RZ0-FIL-90.bev.int;10.2.2.90;RZ2-ESX-50;CL_PU;in operation;Windows Server 2019 Datacenter
rz0-ort-01.ega.local;10.1.33.61;RZ2-ESX-37;CL_DMZ;in operation;Windows Server 2008 R2
RZ1-ADS-01.bev.int;10.2.10.3;rz1-esx-16;standalone;in operation;Windows Server 2008 R2 Standard
RZ1-ADS-03.bev.int;;RZ1-ESX-32;CL_PU;in operation;Windows Server 2003 Standard
rz1-ams-01.ega.local;10.1.32.26;RZ1-ESX-39;CL_WEB;in operation;CentOS 5
RZ1-AOT-01.bev.int;10.1.64.37;RZ1-ESX-37;CL_DMZ;in operation;Windows Server 2008 Standard
rz1-app-01.ega.local;10.1.33.45;RZ2-ESX-36;CL_DMZ;in operation;Windows
rz1-app-02.ega.local;10.1.33.46;RZ2-ESX-36;CL_DMZ;in operation;Windows
RZ1-APS-01;10.1.5.31;;;in operation;Windows Server 2008 R2
RZ1-APS-02.bev.int;10.1.4.32;;;in operation;Windows Server 2008 R2
RZ1-APS-03.bev.int;10.1.4.33;;;in operation;Windows Server 2008 R2
RZ1-APS-04.bev.int;10.1.4.34;;;in operation;Windows Server 2008 R2
RZ1-APS-05.bev.int;10.1.4.35;;;in operation;Windows Server 2008 R2
RZ1-ARC-01.bev.int;10.1.64.210;RZ2-ESX-37;CL_DMZ;in operation;Windows Server 2008 Enterprise
RZ1-ASS-01.bev.int;10.2.7.4;RZ1-ESX-29;CL-CTX;in operation;Windows Server 2008 R2 Standard
RZ1-AWI-01;10.1.29.11;RZ1-ESX-39;CL_WEB;in operation;CentOS 4/5
RZ1-AWP-01;10.1.40.11;RZ2-ESX-36;CL_DMZ;in operation;Rocky Linux 9.6
rz1-bom-01.bev.int;10.2.5.26;RZ1-ESX-50;CL_PU;in operation;CentOS release 5.8
RZ1-BPM-01.bev.int;10.2.5.22;;;in operation;Windows Server 2008 R2 Standard
RZ1-COM-01;;RZ2-ESX-31;CL_PU;in operation;Red Hat Advanced Server 2.1
RZ1-CON-01.bev.int;10.1.64.204;RZ1-ESX-37;CL_DMZ;in operation;Windows Server 2008 Enterprise
RZ1-CRR-01.bev.int;10.2.5.25;rz2-esx-34.bev.int;CL_PU;in operation;Windows Server 2008 R2 Standard
RZ1-DDC-02.bev.int;10.2.7.5;;;in operation;Windows Server 2008 R2 Standard
RZ1-EGA-01.ega.local;10.1.33.16;RZ1-ESX-37;CL_DMZ;in operation;Windows Server 2003 Standard
RZ1-EGA-03;10.1.33.17;RZ2-ESX-37;CL_DMZ;in operation;Windows Server 2008 R2
RZ1-EMR-01;;RZ1-ESX-36;CL_DMZ;in operation;Windows Server 2003 Standard
rz1-etuapp-01.egatest.local;10.6.7.31;RZ2-ESX-36;CL_DMZ;in operation;Windows
rz1-etumap-01.egatest.local;10.6.7.32;RZ2-ESX-37;CL_DMZ;in operation;Windows
rz1-etusoc-01.egatest.local;10.6.7.35;RZ1-ESX-36;CL_DMZ;in operation;Windows
RZ1-ETUWSA-01;10.6.8.21;RZ1-ESX-39;CL_WEB;in operation;CentOS 5.2
RZ1-ETUWSA-01.egatest.local;10.6.8.21;;;in operation;CentOS 5.2
RZ1-FTP-01.bev.int;;RZ1-ESX-34;CL_PU;in operation;Windows Server 2003 Standard
RZ1-GBS-01;10.1.34.21;RZ1-ESX-36;CL_DMZ;in operation;CentOS Linux 7.8.2003
RZ1-GBS-02;10.1.34.22;RZ1-ESX-37;CL_DMZ;in operation;CentOS Linux 7.8.2003
RZ1-GTUGBS-01;10.6.6.10;RZ1-ESX-37;CL_DMZ;in operation;CentOS Linux 7.8.2003
RZ1-GTUKFS-01;10.6.6.20;RZ1-ESX-37;CL_DMZ;in operation;CentOS Linux 7.8.2003
RZ1-GWR-01;10.1.15.22;RZ1-ESX-39;CL_WEB;in operation;CentOS 7
rz1-inf-01.ega.local;;RZ1-ESX-37;CL_DMZ;in operation;Red Hat Advanced Server 2.1
RZ1-KFS-01;10.1.34.32;RZ1-ESX-37;CL_DMZ;in operation;CentOS Linux 7.8.2003
RZ1-KFS-02;10.1.34.33;RZ1-ESX-36;CL_DMZ;in operation;CentOS Linux 7.8.2003
RZ1-LDC-01.bev.int;10.2.6.25;RZ1-ESX-31;CL_PU;in operation;Windows Server 2008 R2 Enterprise
RZ1-LDP-01;10.2.20.31;RZ1-ESX-31;CL_PU;in operation;CentOS Linux 7.9.2009
RZ1-LIZ-01.bev.int;10.2.8.2;rz2-esx-32.bev.int;CL_PU;in operation;Rocky Linux 9.6
rz1-lpx-01.bev.int;10.2.8.1;RZ1-ESX-50;CL_PU;in operation;CentOS 4/5/6/7
rz1-map-01.ega.local;10.1.33.47;RZ2-ESX-36;CL_DMZ;in operation;Windows
rz1-map-02.ega.local;10.1.33.48;RZ2-ESX-36;CL_DMZ;in operation;Windows
RZ1-MAT-01.bev.int;10.2.6.21;RZ1-ESX-32;CL_PU;in operation;Windows Server 2008 R2 Standard
RZ1-MAT-02.bev.int;10.2.6.22;rz2-esx-34.bev.int;CL_PU;in operation;Windows Server 2008 R2 Standard
RZ1-MAT-03.bev.int;10.2.6.23;RZ2-ESX-35;CL_PU_MAT;in operation;Windows Server 2008 R2 Standard
RZ1-MAT-04.bev.int;10.2.6.24;RZ2-ESX-35;CL_PU_MAT;in operation;Windows Server 2008 R2 Standard
RZ1-MST-01.bev.int;;;;in operation;Windows Server 2008 R2
RZ1-SIS-01.bev.int;10.2.5.24;RZ1-ESX-50;CL_PU;in operation;Windows Server 2003 Standard
RZ1-SMQ-01;;RZ2-ESX-37;CL_DMZ;in operation;Rocky Linux 8.4
RZ1-SMQ-02;;RZ1-ESX-37;CL_DMZ;in operation;Rocky Linux 8.4
rz1-soc-01.ega.local;10.1.33.35;RZ2-ESX-36;CL_DMZ;in operation;Windows
RZ1-SOC-03.ega.local;10.1.33.37;RZ1-ESX-36;CL_DMZ;in operation;Windows Server 2008 R2
RZ1-SQL-01;;RZ1-ESX-34;CL_PU;in operation;Windows Server 2003 Standard
RZ1-STF-01.bev.int;10.2.7.1;;;in operation;Windows Server 2008 R2 Standard
RZ1-STI-01;10.1.29.21;RZ1-ESX-39;CL_WEB;in operation;CentOS 7
RZ1-STP-01;10.1.40.21;RZ2-ESX-36;CL_DMZ;in operation;Rocky Linux 9.6
RZ1-TCP-01.bev.int;10.1.64.30;RZ2-ESX-36;CL_DMZ;in operation;Windows Server 2008 Enterprise
RZ1-TES-08;10.6.7.116;RZ2-ESX-37;CL_DMZ;in operation;Windows Server 2019
rz1-tes-11;;RZ1-ESX-46;CL_DB;in operation;Oracle Linux 4/5
rz1-tes-11.egatest.local;;RZ2-ESX-46;CL_DB;in operation;Red Hat Enterprise Server 5.9
RZ1-WEB-01;10.1.32.16;RZ1-ESX-48;eGA-WEB;in operation;Red Hat Advanced Server 2.1
RZ1-WEB-02;;RZ1-ESX-48;eGA-WEB;in operation;Red Hat Advanced Server 2.1
RZ1-WEB-03;;RZ2-ESX-48;eGA-WEB;in operation;Red Hat Advanced Server 2.1
RZ1-WEB-04;10.1.32.19;RZ2-ESX-48;eGA-WEB;in operation;Red Hat Advanced Server 2.1
RZ1-WIN-01.bev.int;10.2.10.1;;;in operation;Windows Server 2019 Datacenter
RZ1-WIN-02.user.bev.int;10.2.10.2;rz2-esx-32.bev.int;CL_PU;in operation;Windows Server 2025
RZ1-WSA-01;;RZ2-ESX-39;CL_WEB;in operation;CentOS
RZ1-XIG-01;10.1.40.15;;;in operation;Windows Server 2008 R2
RZ1-XIG-01N;10.1.40.15;RZ2-ESX-36;CL_DMZ;in operation;Windows Server 2019
rz2-adm-01.ega.local;10.1.33.118;RZ2-ESX-37;CL_DMZ;in operation;Windows Server 2003 Standard
rz2-ads-01.bev.int;10.2.10.103;RZ1-ESX-50;CL_PU;in operation;Windows Server 2008 R2 Standard
rz2-ams-01.ega.local;10.1.32.126;;;in operation;CentOS 5
rz2-app-01.ega.local;10.1.33.145;RZ2-ESX-37;CL_DMZ;in operation;Windows
rz2-app-02.ega.local;10.1.33.146;RZ1-ESX-37;CL_DMZ;in operation;Windows
RZ2-APS-01;10.1.5.131;;;in operation;Windows Server 2008 R2
RZ2-APS-02.bev.int;10.254.97.132;;;in operation;Windows Server 2008 R2
RZ2-APS-03.bev.int;10.254.97.133;;;in operation;Windows Server 2008 R2
RZ2-APS-04.bev.int;10.254.97.134;;;in operation;Windows Server 2008 R2
RZ2-APS-05.bev.int;10.1.4.135;;;in operation;Windows Server 2008
RZ2-APS-06;10.1.4.136;;;in operation;CentOS 7
RZ2-AWI-01;10.1.29.111;RZ1-ESX-39;CL_WEB;in operation;CentOS 4/5
RZ2-AWP-01;10.1.40.111;RZ1-ESX-36;CL_DMZ;in operation;Rocky Linux 9.6
RZ2-BMP-01.bev.int;10.2.5.122;RZ1-ESX-34;CL_PU;in operation;Windows Server 2008 R2 Standard
RZ2-CIT-01.bev.int;10.2.7.109;;;in operation;Windows Server 2008 R2 Standard
RZ2-COM-01;10.2.8.110;RZ2-ESX-31;CL_PU;in operation;Red Hat Advanced Server 2.1
RZ2-CTS-61.bev.int;;;;in operation;Windows Server 2008 R2
RZ2-CTS-62.bev.int;10.2.7.162;RZ1-ESX-29;CL-CTX;in operation;Windows Server 2008 R2 Standard
RZ2-DDC-02.bev.int;10.2.7.105;;;in operation;Windows Server 2008 R2 Standard
rz2-ega-01.ega.local;10.1.33.116;RZ2-ESX-37;CL_DMZ;in operation;Windows Server 2019
rz2-etuapp-01.egatest.local;10.6.7.131;RZ1-ESX-37;CL_DMZ;in operation;Windows
rz2-etumap-01.egatest.local;10.6.7.132;RZ2-ESX-37;CL_DMZ;in operation;Windows
RZ2-ETUSOC-01.egatest.local;10.6.7.135;RZ1-ESX-37;CL_DMZ;in operation;Windows Server 2008
RZ2-ETUWSA-01;10.6.8.121;;;in operation;CentOS 5.2
RZ2-GBS-01;10.1.34.121;RZ1-ESX-37;CL_DMZ;in operation;Rocky Linux 9.6
RZ2-GTUGBS-01;10.6.6.110;RZ2-ESX-36;CL_DMZ;in operation;Rocky Linux 9.6
RZ2-GTUKFS-01;10.6.6.120;RZ2-ESX-36;CL_DMZ;in operation;Rocky Linux 9.6
RZ2-GWR-01;10.1.15.122;RZ1-ESX-39;CL_WEB;in operation;CentOS 7
rz2-ift-01;10.1.5.116;RZ1-ESX-39;CL_WEB;in operation;CentOS 4/5/6
rz2-imp-01.ega.local;10.1.33.149;RZ2-ESX-37;CL_DMZ;in operation;Windows
RZ2-KFS-01;10.1.34.132;RZ2-ESX-37;CL_DMZ;in operation;Rocky Linux 9.6
RZ2-LDP-01;10.2.20.131;RZ1-ESX-31;CL_PU;in operation;CentOS Linux 7.9.2009
rz2-map-01.ega.local;10.1.33.147;RZ2-ESX-36;CL_DMZ;in operation;Windows
rz2-map-02.ega.local;10.1.33.148;RZ2-ESX-36;CL_DMZ;in operation;Windows
RZ2-OTUAOT-01;10.75.64.137;RZ2-ESX-37;CL_DMZ;in operation;Windows
RZ2-OTUTCP-01;10.75.64.130;RZ1-ESX-37;CL_DMZ;in operation;Windows
rz2-rac-01.ega.local;;RZ1-ESX-46;CL_DB;in operation;Red Hat Enterprise Linux 3
RZ2-RDS-01.bev.int;10.2.2.106;RZ1-ESX-34;CL_PU;in operation;Windows Server 2008 R2
RZ2-SMQ-01;;RZ2-ESX-37;CL_DMZ;in operation;Rocky Linux 8.4
RZ2-SMQ-02;10.1.64.172;RZ1-ESX-37;CL_DMZ;in operation;Rocky Linux 8.4
rz2-soc-01.ega.local;10.1.33.135;RZ1-ESX-37;CL_DMZ;in operation;Windows
RZ2-STF-01.bev.int;10.2.7.101;;;in operation;Windows Server 2008 R2 Standard
RZ2-STF-02.bev.int;;;;in operation;Windows Server 2008 R2
RZ2-STI-01;10.1.29.121;RZ1-ESX-39;CL_WEB;in operation;CentOS 7
RZ2-STP-01;10.1.40.121;RZ1-ESX-36;CL_DMZ;in operation;Rocky Linux 9.6
rz2-tam-01.egatest.local;10.6.7.24;RZ1-ESX-36;CL_DMZ;in operation;Windows Server 2003 Standard
rz2-tes-02;10.6.8.16;RZ1-ESX-48;eGA-WEB;in operation;Red Hat Enterprise Linux 3
rz2-tes-03;;RZ1-ESX-48;eGA-WEB;in operation;Red Hat Enterprise Linux 3
rz2-tes-04.egatest.local;;RZ2-ESX-37;CL_DMZ;in operation;Red Hat Enterprise Linux 3
RZ2-TES-08.egatest.local;10.6.7.16;RZ2-ESX-37;CL_DMZ;in operation;Windows Server 2003
RZ2-TES-08N;;;;in operation;Windows Server 2016
RZ2-TES-16.egatest.local;10.6.7.37;RZ2-ESX-36;CL_DMZ;in operation;Windows Server 2008 R2
rz2-tms-01;10.6.8.18;RZ2-ESX-39;CL_WEB;in operation;CentOS 5
rz2-tms-01.egatest.local;10.6.8.18;;;in operation;CentOS 5
RZ2-WEB-01;10.1.32.116;RZ2-ESX-48;eGA-WEB;in operation;Red Hat Advanced Server 2.1
RZ2-WEB-02;;RZ2-ESX-48;eGA-WEB;in operation;Red Hat Advanced Server 2.1
RZ2-WEB-03;10.1.32.118;RZ2-ESX-48;eGA-WEB;in operation;Red Hat Advanced Server 2.1
RZ2-WEB-04;10.1.32.119;RZ1-ESX-48;eGA-WEB;in operation;Red Hat Advanced Server 2.1
RZ2-WIN-01.bev.int;10.2.10.101;rz1-esx-16;standalone;in operation;Windows Server 2019 Datacenter
RZ2-WIN-02.user.bev.int;10.2.10.102;rz1-esx-16;standalone;in operation;Windows Server 2025
RZ2-WSA-01;;RZ1-ESX-39;CL_WEB;in operation;CentOS 5.3
RZ2-XIG-01;10.1.40.115;RZ2-ESX-37;CL_DMZ;in operation;Windows Server 2019
RZ2-XIG-01B;;RZ2-ESX-36;CL_DMZ;in operation;Windows Server 2008 R2
RZ2-XIG-01N;;RZ1-ESX-36;CL_DMZ;in operation;Windows Server 2008 R2
RZ2-ZDA-01.bev.int;10.2.11.103;RZ2-ESX-31;CL_PU;in operation;Windows Server 2019 Datacenter
RZV-3PR-01.bev.int;10.3.100.11;;;in operation;Windows Server 2008 R2 Standard
RZV-ACC-02.bev.int;10.2.3.100;;;in operation;Windows Server 2008 R2 Standard
RZV-ACC-03.bev.int;10.2.2.157;RZ1-ESX-33;CL_PU;in operation;Windows Server 2019 Datacenter
rzv-adb-01.ega.local;;RZ2-ESX-46;CL_DB;in operation;Red Hat Enterprise Linux 3
RZV-ADD-01.bev.int;10.2.8.106;RZ2-ESX-33;CL_PU;in operation;Windows Server 2008 R2 Standard
rzv-adfs-01.user.bev.int;10.2.10.110;RZ1-ESX-31;CL_PU;in operation;Windows Server 2019 Datacenter
RZV-ADI-01.ega.local;10.1.33.180;RZ2-ESX-36;CL_DMZ;in operation;Windows Server 2008 R2
RZV-ADM-02.bev.int;10.1.64.139;RZ1-ESX-37;CL_DMZ;in operation;Windows Server 2019 Datacenter
RZV-ADMOOD-01.bev.int;10.2.3.151;rz2-esx-34.bev.int;CL_PU;in operation;Windows Server 2019 Datacenter
RZV-ADR-01;;;;in operation;CentOS Linux 7.9.2009
RZV-ADR-02;;;;in operation;CentOS Linux 7.9.2009
RZV-ADR-03;10.1.32.73;;;in operation;CentOS Linux 7.9.2009
RZV-ADS-01.bev.int;10.2.10.6;;;in operation;Windows Server 2019 Datacenter
RZV-ADS-03.bev.int;10.2.10.5;;;in operation;Windows Server 2019 Datacenter
RZV-AED-01;10.1.5.11;;;in operation;Windows Server 2019
RZV-AED-02;10.1.5.12;;;in operation;Windows Server 2019
RZV-AMT-01.bev.int;10.2.8.7;rz2-esx-34.bev.int;CL_PU;in operation;Windows Server 2019 Datacenter
RZV-APOSQL-02.bev.int;10.1.4.65;rz1-esx-22.bev.int;CL_APOS;in operation;Windows Server 2008 R2
RZV-APPL-01.bev.int;10.2.8.30;RZ2-ESX-31;CL_PU;in operation;Windows Server 2019 Datacenter
RZV-APS-01;;RZ1-ESX-31;CL_PU;in operation;Windows Server 2003 Standard
RZV-APT-01.bev.int;10.2.3.50;RZ1-ESX-34;CL_PU;in operation;Windows Server 2008 R2 Standard
rzv-apt-02.bev.int;10.2.3.150;RZ1-ESX-33;CL_PU;in operation;CentOS Linux release 7.9.2009
rzv-arc-01.bev.int;10.1.64.142;RZ1-ESX-36;CL_DMZ;in operation;Red Hat Enterprise Linux 8.10
RZV-ASS-11.bev.int;10.2.7.121;;;in operation;Windows Server 2019 Datacenter
rzv-bal-01.bev.int;;RZ1-ESX-46;CL_DB;in operation;Oracle Linux Server 8.6
RZV-BCPU-01;10.122.73.111;RZ1-ESX-36;CL_DMZ;in operation;Windows Server 2019
RZV-BCTU-01;10.122.73.101;RZ1-ESX-36;CL_DMZ;in operation;Windows Server 2019
RZV-BEA-01.bev.int;10.2.2.181;RZ1-ESX-33;CL_PU;in operation;Windows Server 2019
RZV-BEA-02.bev.int;10.2.2.182;RZ1-ESX-33;CL_PU;in operation;Windows Server 2019
RZV-BEA-03.bev.int;10.2.2.183;RZ1-ESX-34;CL_PU;in operation;Windows Server 2019
RZV-BEA-04.bev.int;10.2.2.184;;;in operation;Windows Server 2019 Datacenter
RZV-BEA-05.bev.int;10.2.2.185;RZ1-ESX-34;CL_PU;in operation;Windows Server 2019 Datacenter
RZV-BEA-06.bev.int;10.2.2.186;RZ1-ESX-50;CL_PU;in operation;Windows Server 2019
RZV-BEA-07.bev.int;10.2.2.187;RZ1-ESX-34;CL_PU;in operation;Windows Server 2019
RZV-BEA-08.bev.int;10.2.2.188;RZ1-ESX-32;CL_PU;in operation;Windows Server 2019
RZV-BEA-09.bev.int;;;;in operation;Windows Server 2019 Datacenter
RZV-BEUAOT-01;10.70.2.137;RZ1-ESX-41;CL_BEU;in operation;Windows Server 2008
RZV-BEUAPT-01.beu.local;10.70.10.1;RZ1-ESX-41;CL_BEU;in operation;Windows Server 2008 R2
RZV-BEUARC-01.beu.local;10.70.2.135;RZ1-ESX-41;CL_BEU;in operation;Windows Server 2008
rzv-beubal-01.beu.local;;RZ2-ESX-47;CL_DB;in operation;Oracle Linux Server 8.7
RZV-BEUCON-01.beu.local;10.70.2.134;RZ1-ESX-41;CL_BEU;in operation;Windows Server 2008
RZV-BEUEGN-01;;RZ1-ESX-41;CL_BEU;in operation;Red Hat Enterprise Linux 5
RZV-BEUESP-01.beu.local;10.70.2.122;RZ1-ESX-41;CL_BEU;in operation;Windows Server 2019
RZV-BEUFIL-01.beu.local;10.70.2.1;rz2-esx-51.bev.int;CL_BEU;in operation;Windows Server 2003 Standard
rzv-beugms-01;10.70.2.36;rz2-esx-51.bev.int;CL_BEU;in operation;CentOS 5.5
RZV-BEULTS-01.beu.local;10.70.10.23;RZ1-ESX-41;CL_BEU;in operation;Windows Server 2016
rzv-beuorc-01.beu.local;;RZ1-ESX-46;CL_DB;in operation;Red Hat Enterprise Server 5.9
RZV-BEUPVS-01;;rz2-esx-51.bev.int;CL_BEU;in operation;Red Hat Enterprise Server 5.3
RZV-BEUTCP-01;10.70.2.130;RZ1-ESX-41;CL_BEU;in operation;Windows
RZV-BEUTES-01;10.70.155.51;RZ1-ESX-41;CL_BEU;in operation;CentOS
RZV-BEUTES-02;10.70.155.52;RZ1-ESX-51.bev.int;CL_BEU;in operation;CentOS Linux 7.6.1810
RZV-BEUTEST-01;10.70.2.101;rz2-esx-51.bev.int;CL_BEU;in operation;Windows Server 2019
RZV-BEUTRD-01;10.70.2.39;RZ1-ESX-41;CL_BEU;in operation;CentOS Linux release 7.4.1708
RZV-BEUVCB-01.bev.int;10.2.8.151;RZ1-ESX-33;CL_PU;in operation;Windows Server 2019 Datacenter
RZV-BEUVVC-01.bev.int;10.2.9.102;RZ1-ESX-50;CL_PU;in operation;VMware Photon OS
RZV-BEUVXP-01.beu.local;;;;in operation;Windows XP
rzv-beuvxp-21.user.bev.int;;RZ1-ESX-41;CL_BEU;in operation;Windows XP
RZV-BEUVXP-XX;;RZ1-ESX-33;CL_PU;in operation;Windows XP
RZV-BEUWIN-01.beu.local;10.70.10.2;RZ1-ESX-51.bev.int;CL_BEU;in operation;Windows Server 2019
RZV-BEUWIN-02.beu.local;10.70.10.102;RZ1-ESX-51.bev.int;CL_BEU;in operation;Windows Server 2019
RZV-BEUZWR-01;10.70.2.42;RZ1-ESX-41;CL_BEU;in operation;CentOS Linux 7.9.2009
RZV-BHV-01;10.1.34.40;RZ2-ESX-36;CL_DMZ;in operation;CentOS Linux 7.8.2003
RZV-BHV-02;10.1.34.140;RZ1-ESX-36;CL_DMZ;in operation;CentOS Linux 7.8.2003
rzv-bpm-03.bev.int;10.1.51.31;RZ2-ESX-37;CL_DMZ;in operation;Rocky Linux 9.3
rzv-bsqlpu-01.bev.int;10.1.64.66;RZ2-ESX-36;CL_DMZ;in operation;Windows Server 2019 Datacenter
rzv-bsqltu-01.btu.local;10.75.2.95;RZ2-ESX-37;CL_DMZ;in operation;Windows Server 2019
RZV-BTUAPT-01.btu.local;10.75.10.1;RZ2-ESX-37;CL_DMZ;in operation;Windows Server 2008 R2
RZV-BTUAPT-02;10.75.10.101;RZ2-ESX-37;CL_DMZ;in operation;CentOS Linux release 7.9.2009
RZV-BTUAPT-03.btu.local;10.75.10.3;RZ1-ESX-37;CL_DMZ;in operation;Windows Server 2019
rzv-btubal-01.btu.local;10.75.1.51;RZ1-ESX-46;CL_DB;in operation;Oracle Linux Server 8.4
RZV-BTUEKP-01;10.75.2.48;RZ1-ESX-36;CL_DMZ;in operation;CentOS Linux 7.8.2003
RZV-BTUEKP-02;;RZ2-ESX-37;CL_DMZ;in operation;Rocky Linux 8.4
RZV-BTUEKS-01;;RZ1-ESX-36;CL_DMZ;in operation;CentOS 6.10
RZV-BTUELA-01;10.75.1.42;RZ2-ESX-37;CL_DMZ;in operation;Rocky Linux 9.5
RZV-BTUESD-01;10.75.2.47;RZ1-ESX-37;CL_DMZ;in operation;CentOS Linux 7.4.1708
RZV-BTUFIL-01.btu.local;10.75.2.10;RZ1-ESX-36;CL_DMZ;in operation;Windows Server 2008 R2
rzv-btugms-01;10.75.2.36;RZ2-ESX-37;CL_DMZ;in operation;CentOS 5.5
RZV-BTUGWS-01;10.6.6.11;RZ1-ESX-36;CL_DMZ;in operation;CentOS Linux 7.8.2003
RZV-BTUJIR-01;10.75.2.112;RZ2-ESX-37;CL_DMZ;in operation;CentOS Linux 7.8.2003
RZV-BTULDP-01;10.75.1.31;RZ2-ESX-37;CL_DMZ;in operation;Rocky Linux 9.6
RZV-BTULDP-02;10.75.1.32;RZ2-ESX-37;CL_DMZ;in operation;Rocky Linux 9.6
RZV-BTULFR-01;10.75.2.35;RZ1-ESX-36;CL_DMZ;in operation;CentOS Linux 7.8.2003
RZV-BTULTS-01.btu.local;10.75.10.23;RZ1-ESX-36;CL_DMZ;in operation;Windows Server 2019
RZV-BTUMPR-01;10.75.2.49;RZ1-ESX-36;CL_DMZ;in operation;CentOS Linux 7.8.2003
RZV-BTUMPR-02;10.75.2.50;RZ1-ESX-36;CL_DMZ;in operation;CentOS Linux 7.8.2003
RZV-BTUMPR-03;10.75.2.52;RZ2-ESX-37;CL_DMZ;in operation;CentOS Linux 7.8.2003
RZV-BTUMPR-04;10.75.2.53;RZ1-ESX-36;CL_DMZ;in operation;CentOS Linux 7.8.2003
RZV-BTUNAV-01.bev.int;10.122.73.40;RZ2-ESX-37;CL_DMZ;in operation;Windows Server 2008 R2
RZV-BTUNCLOUD-01;10.75.2.51;RZ1-ESX-36;CL_DMZ;in operation;CentOS Linux 7.9.2009
rzv-btuorc-01.btu.local;;RZ2-ESX-46;CL_DB;in operation;Red Hat Enterprise Server 5.9
RZV-BTUPGR-01;10.75.1.43;RZ2-ESX-37;CL_DMZ;in operation;CentOS Linux 7.9.2009
RZV-BTUPTL-01;10.75.2.11;RZ2-ESX-36;CL_DMZ;in operation;Rocky Linux 9.6
RZV-BTUPVS-01;;RZ1-ESX-36;CL_DMZ;in operation;Red Hat Enterprise Server 5.3
RZV-BTUSIS-01.btu.local;10.75.2.24;RZ2-ESX-37;CL_DMZ;in operation;Windows Server 2003 Standard
RZV-BTUSMQ-01;10.75.2.91;RZ1-ESX-37;CL_DMZ;in operation;Rocky Linux 8.4
RZV-BTUSMQ-02;;RZ1-ESX-37;CL_DMZ;in operation;Rocky Linux 8.4
RZV-BTUSMQ-03;;RZ2-ESX-37;CL_DMZ;in operation;Rocky Linux 8.4
RZV-BTUSMQ-04;;RZ2-ESX-37;CL_DMZ;in operation;Rocky Linux 8.4
RZV-BTUSPI-01.btu.local;10.75.2.31;RZ2-ESX-36;CL_DMZ;in operation;Windows
RZV-BTUSPIDB-01.btu.local;10.75.2.32;RZ2-ESX-36;CL_DMZ;in operation;Windows Server 2008 R2
RZV-BTUSQL-01.btu.local;10.75.2.40;RZ1-ESX-36;CL_DMZ;in operation;Windows Server 2008 R2
RZV-BTUSQL-02.btu.local;10.75.2.44;RZ1-ESX-37;CL_DMZ;in operation;Windows Server 2008
RZV-BTUTRA-01;10.75.1.41;RZ1-ESX-37;CL_DMZ;in operation;CentOS Linux 7.8.2003
RZV-BTUWFS-01;;RZ1-ESX-37;CL_DMZ;in operation;Rocky Linux 8.6
RZV-BTUWIN-01;10.75.10.2;RZ2-ESX-36;CL_DMZ;in operation;Windows Server 2019
RZV-BTUWIN-01.btu.local;10.75.10.2;RZ2-ESX-37;CL_DMZ;in operation;Windows Server 2003 Standard
RZV-BTUWIN-02;10.75.10.102;RZ2-ESX-37;CL_DMZ;in operation;Windows Server 2019
RZV-BTUWIN-03;10.75.10.4;RZ1-ESX-37;CL_DMZ;in operation;Windows Server 2008 R2
RZV-BTUXIG-01;10.6.3.61;RZ2-ESX-36;CL_DMZ;in operation;Windows Server 2008 R2
RZV-BTUXIG-01B;;RZ1-ESX-36;CL_DMZ;in operation;Windows Server 2008 R2
RZV-BTUXIG-01N;;RZ1-ESX-36;CL_DMZ;in operation;Windows Server 2016
RZV-BTUXIG-02;10.6.3.62;RZ1-ESX-36;CL_DMZ;in operation;Windows Server 2019
RZV-BTUXIG-02N;;RZ1-ESX-37;CL_DMZ;in operation;Windows Server 2016
RZV-BTUZDA-01.btu.local;10.75.2.42;RZ1-ESX-37;CL_DMZ;in operation;Windows Server 2019
RZV-BTUZDA-02;10.75.2.43;RZ2-ESX-36;CL_DMZ;in operation;CentOS Linux 7.8.2003
RZV-BTUZWR-01;10.6.6.51;RZ1-ESX-36;CL_DMZ;in operation;CentOS Linux 7.9.2009
RZV-BTUZWR-02;10.6.6.52;RZ1-ESX-37;CL_DMZ;in operation;CentOS Linux 7.6.1810
RZV-BTUZWR-03;10.6.6.53;RZ1-ESX-37;CL_DMZ;in operation;CentOS Linux 7.6.1810
RZV-C2C-21;;RZ1-ESX-28;CL-CTX;in operation;Windows Server 2008 R2
RZV-C2C-21.bev.int;10.2.7.21;;;in operation;Windows Server 2008 R2 Standard
RZV-C2C-23;;rz1-esx-25.bev.int;CL-CTX;in operation;Windows Server 2008 R2
RZV-C2C-23.bev.int;10.2.7.23;;;in operation;Windows Server 2008 R2 Standard
RZV-CIT-11.bev.int;10.2.7.122;;;in operation;Windows Server 2019 Datacenter
RZV-COL-01.bev.int;10.2.3.32;rz2-esx-32.bev.int;CL_PU;in operation;Windows Server 2008 R2 Standard
rzv-com-01.bev.int;;RZ2-ESX-47;CL_DB;in operation;Oracle Linux Server 8.7
rzv-com-02.bev.int;;RZ2-ESX-47;CL_DB;in operation;Oracle Linux Server 8.7
rzv-com-03.bev.int;10.1.64.20;RZ2-ESX-47;CL_DB;in operation;CentOS release 5.10
rzv-com-04.bev.int;10.1.64.120;RZ2-ESX-47;CL_DB;in operation;CentOS release 5.10
RZV-CTS-01.bev.int;10.2.7.25;;;in operation;Windows Server 2019 Datacenter
RZV-CTS-02.bev.int;10.2.7.26;;;in operation;Windows Server 2019 Datacenter
RZV-CTS-03.bev.int;10.2.7.27;;;in operation;Windows Server 2019 Datacenter
RZV-CTS-04.bev.int;10.2.7.28;;;in operation;Windows Server 2019 Datacenter
RZV-CTS-05.bev.int;10.2.7.29;;;in operation;Windows Server 2019 Datacenter
RZV-CTS-06.bev.int;10.2.7.30;;;in operation;Windows Server 2019 Datacenter
RZV-CTS-07.bev.int;10.2.7.31;;;in operation;Windows Server 2019 Datacenter
RZV-CTS-08.bev.int;10.2.7.32;;;in operation;Windows Server 2019 Datacenter
RZV-CTS-09.bev.int;10.2.7.33;;;in operation;Windows Server 2019 Datacenter
RZV-CTS-10.bev.int;10.2.7.34;;;in operation;Windows Server 2019 Datacenter
RZV-CTS-11.bev.int;10.2.7.35;;;in operation;Windows Server 2019 Datacenter
RZV-CTS-12.bev.int;10.2.7.36;;;in operation;Windows Server 2019 Datacenter
RZV-CTS-13.bev.int;10.2.7.37;;;in operation;Windows Server 2019 Datacenter
RZV-CTS-14.bev.int;10.2.7.38;;;in operation;Windows Server 2019 Datacenter
RZV-CTS-15.bev.int;10.2.7.39;;;in operation;Windows Server 2019 Datacenter
RZV-CTS-16.bev.int;10.2.7.40;;;in operation;Windows Server 2019 Datacenter
RZV-CTS-17.bev.int;10.2.7.41;RZ1-ESX-29;CL-CTX;in operation;Windows Server 2019 Datacenter
RZV-CTS-18.bev.int;10.2.7.42;RZ1-ESX-29;CL-CTX;in operation;Windows Server 2019 Datacenter
RZV-CTS-19.bev.int;10.2.7.43;RZ1-ESX-29;CL-CTX;in operation;Windows Server 2019 Datacenter
RZV-CTS-20.bev.int;10.2.7.44;RZ1-ESX-29;CL-CTX;in operation;Windows Server 2019 Datacenter
RZV-CTS-21.bev.int;10.2.7.45;;;in operation;Windows Server 2019 Datacenter
RZV-CTS-22.bev.int;10.2.7.46;;;in operation;Windows Server 2019 Datacenter
RZV-CTS-23.bev.int;10.2.7.47;;;in operation;Windows Server 2019 Datacenter
RZV-CTS-24.bev.int;10.2.7.48;;;in operation;Windows Server 2019 Datacenter
RZV-CTS-25.bev.int;10.2.7.49;;;in operation;Windows Server 2019 Datacenter
RZV-CTS-26.bev.int;10.2.7.50;;;in operation;Windows Server 2019 Datacenter
RZV-CTS-27.bev.int;10.2.7.51;;;in operation;Windows Server 2019 Datacenter
RZV-CTS-28.bev.int;10.2.7.52;;;in operation;Windows Server 2019 Datacenter
RZV-CTS-29.bev.int;10.2.7.53;;;in operation;Windows Server 2019 Datacenter
RZV-CTS-30.bev.int;10.2.7.54;;;in operation;Windows Server 2019 Datacenter
RZV-CTS-31.bev.int;10.2.7.55;;;in operation;Windows Server 2019 Datacenter
RZV-CTS-32.bev.int;10.2.7.56;;;in operation;Windows Server 2019 Datacenter
RZV-CTS-33.bev.int;10.2.7.57;;;in operation;Windows Server 2019 Datacenter
RZV-CTS-34.bev.int;10.2.7.58;;;in operation;Windows Server 2019 Datacenter
RZV-CTS-35.bev.int;10.2.7.59;;;in operation;Windows Server 2019 Datacenter
RZV-CTS-36.bev.int;10.2.7.60;;;in operation;Windows Server 2019 Datacenter
RZV-CTS-37.bev.int;10.2.7.61;;;in operation;Windows Server 2019 Datacenter
RZV-CTS-38.bev.int;10.2.7.62;;;in operation;Windows Server 2019 Datacenter
RZV-CTS-39.bev.int;10.2.7.63;;;in operation;Windows Server 2019 Datacenter
RZV-CTS-40.bev.int;10.2.7.64;;;in operation;Windows Server 2019 Datacenter
RZV-CTS-41.bev.int;10.2.7.65;;;in operation;Windows Server 2019 Datacenter
RZV-CTS-42.bev.int;10.2.7.66;;;in operation;Windows Server 2019 Datacenter
RZV-CTS-43.bev.int;10.2.7.67;;;in operation;Windows Server 2019 Datacenter
RZV-CTS-44.bev.int;10.2.7.68;;;in operation;Windows Server 2019 Datacenter
RZV-CTS-45.bev.int;10.2.7.69;;;in operation;Windows Server 2019 Datacenter
RZV-CTS-46.bev.int;10.2.7.70;;;in operation;Windows Server 2019 Datacenter
RZV-CTS-47.bev.int;10.2.7.71;;;in operation;Windows Server 2019 Datacenter
RZV-CTS-48.bev.int;10.2.7.72;;;in operation;Windows Server 2019 Datacenter
RZV-CTS-T1.bev.int;10.2.7.131;RZ1-ESX-29;CL-CTX;in operation;Windows Server 2019 Datacenter
RZV-CTS-T2.bev.int;10.2.7.132;;;in operation;Windows Server 2019 Datacenter
RZV-CTS-T3.bev.int;10.2.7.133;;;in operation;Windows Server 2019 Datacenter
RZV-CTS-T4.bev.int;10.2.7.134;;;in operation;Windows Server 2019 Datacenter
RZV-CTS-T5.bev.int;10.2.7.135;;;in operation;Windows Server 2019 Datacenter
RZV-CTS-V1.bev.int;10.2.7.141;;;in operation;Windows Server 2019 Datacenter
rzv-dba-01.bev.int;10.2.8.104;;;in operation;Red Hat Enterprise Server 5.10
RZV-DDC-11.bev.int;10.2.7.111;;;in operation;Windows Server 2019 Datacenter
RZV-DDC-12.bev.int;10.2.7.112;;;in operation;Windows Server 2019 Datacenter
RZV-DDC-XX.bev.int;10.2.7.119;rz2-esx-24.bev.int;CL-CTX;in operation;Windows Server 2019
RZV-DUAL-01;;RZ1-ESX-32;CL_PU;in operation;Windows Server 2008 R2
RZV-E19-01.bev.int;10.2.2.20;rz2-esx-32.bev.int;CL_PU;in operation;Windows Server 2019 Datacenter
RZV-E19-02.bev.int;10.2.2.21;RZ2-ESX-31;CL_PU;in operation;Windows Server 2019 Datacenter
RZV-EGALTS-01.ega.local;10.1.33.23;RZ1-ESX-37;CL_DMZ;in operation;Windows Server 2019
rzv-egavvc-01.bev.int;10.2.9.103;rz2-esx-32.bev.int;CL_PU;in operation;VMware Photon OS
RZV-EGN-01.bev.int;10.2.9.105;RZ1-ESX-50;CL_PU;in operation;Windows Server 2003 Standard
RZV-EKP-01;10.1.40.71;RZ1-ESX-36;CL_DMZ;in operation;CentOS Linux 7.8.2003
RZV-EKP-02;10.1.40.72;RZ1-ESX-36;CL_DMZ;in operation;CentOS Linux 7.8.2003
RZV-ELA-01;10.1.25.11;RZ2-ESX-36;CL_DMZ;in operation;CentOS Linux 7.9.2009
RZV-ESD-01;10.1.11.22;RZ1-ESX-39;CL_WEB;in operation;CentOS 6
RZV-ESD-02;10.1.11.122;RZ1-ESX-39;CL_WEB;in operation;CentOS 6
RZV-ETUADR-01;;;;in operation;CentOS Linux 7.9.2009
RZV-ETUADR-02;;RZ1-ESX-39;CL_WEB;in operation;CentOS Linux 7.9.2009
RZV-ETUADR-03;10.6.8.93;RZ1-ESX-39;CL_WEB;in operation;CentOS Linux 7.9.2009
RZV-ETUESP-01;;;;in operation;CentOS Linux 7.6.1810
RZV-ETUFIL-01;;RZ1-ESX-37;CL_DMZ;in operation;Windows Server 2008
RZV-ETUFIL-01.egatest.local;10.6.7.20;RZ1-ESX-36;CL_DMZ;in operation;Windows Server 2019
RZV-ETUFIL-02.egatest.local;10.6.7.22;RZ2-ESX-36;CL_DMZ;in operation;Windows Server 2019
RZV-ETUGEOWC-01;;;;in operation;CentOS Linux 7.9.2009
RZV-ETUGES-01;10.6.8.61;RZ1-ESX-39;CL_WEB;in operation;CentOS Linux 7.9.2009
RZV-ETUGSDB-01;10.6.7.51;RZ1-ESX-37;CL_DMZ;in operation;CentOS Linux 7.6.1810
RZV-ETUGSMS-01;10.6.7.53;RZ2-ESX-36;CL_DMZ;in operation;CentOS Linux 7.6.1810
RZV-ETUGSMS-02;10.6.7.54;RZ2-ESX-36;CL_DMZ;in operation;CentOS Linux 7.6.1810
RZV-ETUGSNFS-01;10.6.7.50;RZ1-ESX-36;CL_DMZ;in operation;CentOS Linux 7.9.2009
RZV-ETUGSPPS-01;10.6.7.52;RZ2-ESX-37;CL_DMZ;in operation;CentOS Linux 7.6.1810
RZV-ETUIMD-01;;RZ1-ESX-39;CL_WEB;in operation;CentOS Linux 7.9.2009
RZV-ETUIMP-01.egatest.local;10.6.7.134;RZ1-ESX-37;CL_DMZ;in operation;Windows Server 2008 R2
RZV-ETUIMP-02.egatest.local;10.6.7.55;RZ2-ESX-36;CL_DMZ;in operation;Windows Server 2019
RZV-ETULTS-01.egatest.local;10.6.7.23;RZ2-ESX-37;CL_DMZ;in operation;Windows Server 2019
rzv-etuorc-01.egatest.local;10.6.7.30;RZ2-ESX-47;CL_DB;in operation;Windows Server 2003 Standard
rzv-etusdb-01.egatest.local;;RZ2-ESX-47;CL_DB;in operation;Oracle Linux Server 7.4
rzv-etusde-01.egatest.local;;RZ2-ESX-47;CL_DB;in operation;Red Hat Enterprise Server 5.6
rzv-etuuba-01.egatest.local;;RZ2-ESX-46;CL_DB;in operation;Oracle Linux Server 7.6
rzv-etuwbc-01.egatest.local;10.6.7.36;RZ2-ESX-37;CL_DMZ;in operation;Windows
rzv-etuwbc-01n.egatest.local;10.6.7.136;RZ2-ESX-37;CL_DMZ;in operation;Windows
RZV-ETUWCD-01;;RZ1-ESX-39;CL_WEB;in operation;CentOS Linux 7.5.1804
RZV-ETUWSA-01;10.6.8.22;RZ1-ESX-39;CL_WEB;in operation;CentOS Linux 7.9.2009
RZV-ETUZLH-01;10.6.8.51;RZ1-ESX-39;CL_WEB;in operation;CentOS Linux 7.9.2009
rzv-ev-01.bev.int;10.2.2.221;;;in operation;Windows Server 2019 Datacenter
RZV-EXTHOP-01;10.1.38.31;RZ1-ESX-39;CL_WEB;in operation;Windows Server 2019
RZV-FPM-01.bev.int;10.2.6.31;RZ1-ESX-32;CL_PU;in operation;Windows Server 2008 R2 Standard
RZV-FTP-01;10.1.18.11;RZ1-ESX-59;CL_WEB;in operation;CentOS 7
RZV-FTP-02.bev.int;10.2.6.10;;;in operation;Windows Server 2019 Datacenter
RZV-FWDADM-01;10.2.8.71;RZ1-ESX-31;CL_PU;in operation;CentOS Linux 7.4.1708
RZV-GEOWC-01;10.1.32.22;;;in operation;CentOS Linux 7.9.2009
RZV-GEOWC-02;;;;in operation;CentOS Linux 7.9.2009
RZV-GEUBUI-03;10.70.5.35;;;in operation;CentOS
rzv-geuorc-01.beu.local;10.70.5.40;RZ2-ESX-47;CL_DB;in operation;Red Hat Enterprise Server 5.6
RZV-GEUVW7-02.user.bev.int;10.70.155.36;RZ1-ESX-41;CL_BEU;in operation;Windows 7
RZV-GEUVW7-06.user.bev.int;10.70.155.40;;;in operation;Windows 7
RZV-GEUVW7-07.user.bev.int;10.70.155.41;RZ1-ESX-51.bev.int;CL_BEU;in operation;Windows 7
RZV-GEUVW7-08;;;;in operation;Windows 7
RZV-GEUXPE-08.user.bev.int;10.70.155.28;;;in operation;Windows XP
RZV-GEUXPE-09.user.bev.int;;RZ1-ESX-41;CL_BEU;in operation;Windows XP
RZV-GEUXPE-10.user.bev.int;10.70.155.30;rz2-esx-51.bev.int;CL_BEU;in operation;Windows XP
RZV-GEUXPE-15;;RZ2-ESX-41;CL_BEU;in operation;Windows XP
RZV-GIPDBREP-01;10.1.29.61;;;in operation;CentOS 4/5
RZV-GNS-01;10.1.6.11;RZ2-ESX-59;CL_WEB;in operation;CentOS 6
RZV-GNS-02;10.1.6.12;;;in operation;CentOS 7
RZV-GNS-03;10.1.6.13;RZ1-ESX-39;CL_WEB;in operation;CentOS 7
RZV-GNS-04;10.1.6.14;RZ1-ESX-59;CL_WEB;in operation;CentOS 7
RZV-GNS-05;10.1.6.15;;;in operation;CentOS 4/5/6
RZV-GNS-07;10.1.6.17;RZ1-ESX-39;CL_WEB;in operation;CentOS 7
RZV-GNS-08;192.168.122.1;RZ1-ESX-39;CL_WEB;in operation;CentOS 7
RZV-GNSADMIN-01;10.1.6.20;RZ2-ESX-59;CL_WEB;in operation;CentOS 7
RZV-GSADM-01.bev.int;10.1.23.20;RZ2-ESX-37;CL_DMZ;in operation;Windows Server 2008 R2 Standard
RZV-GSDB-01;;RZ2-ESX-37;CL_DMZ;in operation;CentOS Linux 7.6.1810
RZV-GSGWC-01;;;;in operation;CentOS Linux 7.6.1810
RZV-GSMETA-01;;RZ1-ESX-37;CL_DMZ;in operation;CentOS Linux 7.6.1810
RZV-GSMETA-02;10.1.23.32;RZ2-ESX-36;CL_DMZ;in operation;CentOS Linux 7.6.1810
RZV-GSNFS-01;10.1.23.10;RZ1-ESX-36;CL_DMZ;in operation;CentOS Linux 7.9.2009
RZV-GSPPS-01;10.1.23.12;RZ1-ESX-37;CL_DMZ;in operation;CentOS Linux 7.6.1810
RZV-GSWMS-01;;RZ2-ESX-59;CL_WEB;in operation;CentOS Linux 7.6.1810
RZV-GSWMS-02;;RZ2-ESX-39;CL_WEB;in operation;CentOS Linux 7.6.1810
RZV-GSWMS-03;;;;in operation;CentOS Linux 7.6.1810
RZV-GSWMS-04;;RZ2-ESX-39;CL_WEB;in operation;CentOS Linux 7.6.1810
RZV-GSWPS-01;;RZ2-ESX-36;CL_DMZ;in operation;CentOS Linux 7.6.1810
RZV-GSWPS-02;;RZ2-ESX-36;CL_DMZ;in operation;CentOS Linux 7.6.1810
RZV-GSWPS-03;172.19.0.1;RZ2-ESX-36;CL_DMZ;in operation;CentOS Linux 7.6.1810
RZV-GSWPS-04;;RZ2-ESX-36;CL_DMZ;in operation;CentOS Linux 7.6.1810
RZV-GTUBHV-01;10.6.6.30;RZ1-ESX-37;CL_DMZ;in operation;CentOS Linux 7.8.2003
RZV-GTUBHV-02;10.6.6.130;RZ1-ESX-36;CL_DMZ;in operation;CentOS Linux 7.8.2003
rzv-gtuorc-01.btu.local;;RZ2-ESX-46;CL_DB;in operation;Red Hat Enterprise Server 5.9
RZV-GTUSTP-01;10.6.3.81;RZ1-ESX-36;CL_DMZ;in operation;Rocky Linux 9.6
RZV-GTUSTP-02;10.6.3.181;RZ2-ESX-36;CL_DMZ;in operation;Rocky Linux 9.6
RZV-I1T-01.bev.int;10.2.3.92;RZ1-ESX-32;CL_PU;in operation;Windows Server 2008 R2 Standard
RZV-I1T-02.bev.int;10.2.3.93;RZ1-ESX-31;CL_PU;in operation;Windows Server 2008 R2 Standard
RZV-IDOIT-01.bev.int;10.2.5.30;RZ1-ESX-32;CL_PU;in operation;Windows Server 2019 Datacenter
RZV-IGM-01.bev.int;10.2.9.8;RZ1-ESX-32;CL_PU;in operation;Windows Server 2003 Standard
RZV-IGM-03.bev.int;10.2.9.10;RZ1-ESX-31;CL_PU;in operation;Windows Server 2008 R2 Standard
RZV-IMD-01;;RZ1-ESX-39;CL_WEB;in operation;CentOS Linux 7.9.2009
RZV-IRS-01.bev.int;10.2.8.121;RZ1-ESX-34;CL_PU;in operation;Windows Server 2019 Datacenter
RZV-JDISC-01.bev.int;10.1.51.21;RZ1-ESX-36;CL_DMZ;in operation;Windows Server 2019 Datacenter
RZV-JIR-01;10.2.3.12;rz2-esx-34.bev.int;CL_PU;in operation;CentOS Linux 7.8.2003
rzv-kgb-01.bev.int;;RZ2-ESX-47;CL_DB;in operation;Oracle Linux Server 7.4
rzv-kmo-01.bev.int;;RZ2-ESX-46;CL_DB;in operation;Oracle Linux Server 8.6
RZV-KMORC-01;10.1.64.81;RZ2-ESX-47;CL_DB;in operation;Oracle Linux Server 9.5
RZV-LDC-01.bev.int;10.2.6.60;RZ2-ESX-35;CL_PU_MAT;in operation;Windows Server 2019 Datacenter
rzv-leuorc-01.beu.local;;RZ1-ESX-46;CL_DB;in operation;Red Hat Enterprise Server 5.9
RZV-LFR-01;10.2.3.14;RZ1-ESX-31;CL_PU;in operation;CentOS Linux 7.8.2003
RZV-LPX-02;;RZ1-ESX-31;CL_PU;in operation;CentOS
RZV-LTS-01.bev.int;10.2.8.21;;;in operation;Windows Server 2019 Datacenter
RZV-LTS-02.bev.int;10.2.8.22;rz2-esx-32.bev.int;CL_PU;in operation;Windows Server 2019 Datacenter
RZV-LTS-03.bev.int;10.2.8.23;RZ1-ESX-31;CL_PU;in operation;Windows Server 2008 R2 Standard
RZV-LZZ-01.bev.int;10.2.8.11;RZ1-ESX-50;CL_PU;in operation;Windows Server 2019 Datacenter
RZV-LZZ-02.bev.int;10.2.8.12;rz2-esx-34.bev.int;CL_PU;in operation;Windows Server 2019 Datacenter
RZV-LZZ-04.bev.int;10.2.8.16;RZ1-ESX-32;CL_PU;in operation;Windows Server 2008 R2 Standard
RZV-LZZ-06.bev.int;10.2.8.18;RZ1-ESX-34;CL_PU;in operation;Windows Server 2019 Datacenter
RZV-M365-01.bev.int;10.2.10.111;;;in operation;Windows Server 2019 Datacenter
RZV-MAT-01.bev.int;;RZ1-ESX-35;CL_PU_MAT;in operation;Windows Server 2019 Datacenter
RZV-MAT-02.bev.int;;RZ2-ESX-35;CL_PU_MAT;in operation;Windows Server 2019 Datacenter
RZV-MAT-03.bev.int;;RZ2-ESX-33;CL_PU;in operation;Windows Server 2019 Datacenter
RZV-MAT-04.bev.int;;RZ2-ESX-50;CL_PU;in operation;Windows Server 2019 Datacenter
RZV-MIS-01.bev.int;10.122.73.60;RZ1-ESX-36;CL_DMZ;in operation;Windows Server 2008 R2
RZV-MIS-02.bev.int;10.122.73.61;RZ2-ESX-37;CL_DMZ;in operation;Windows Server 2019
RZV-MPNAMT-01;10.1.37.7;rz1-esx-22.bev.int;CL_APOS;in operation;Windows Server 2019
RZV-MPR-01;10.1.40.81;RZ1-ESX-36;CL_DMZ;in operation;CentOS Linux 7.8.2003
RZV-MPR-02;10.1.40.82;RZ1-ESX-36;CL_DMZ;in operation;CentOS Linux 7.8.2003
RZV-MPR-03;10.1.40.83;RZ1-ESX-36;CL_DMZ;in operation;CentOS Linux 7.8.2003
RZV-MST-00;;rz2-esx-30.bev.int;CL-CTX;in operation;Windows Server 2016
RZV-MST-11.bev.int;10.2.7.123;;;in operation;Windows Server 2016
RZV-MST-21.bev.int;10.2.7.124;;;in operation;Windows Server 2019 Datacenter
RZV-MST-31.bev.int;;;;in operation;Windows Server 2019
RZV-NAV-01;;RZ1-ESX-31;CL_PU;in operation;Windows Server 2008 R2
RZV-NAV-02.bev.int;10.122.73.50;RZ1-ESX-36;CL_DMZ;in operation;Windows Server 2008 R2
RZV-NBR-01.bev.int;10.2.2.72;RZ1-ESX-50;CL_PU;in operation;Windows Server 2008 R2 Standard
RZV-NBSNAP-01;10.2.2.73;RZ1-ESX-34;CL_PU;in operation;Red Hat Enterprise Linux 9.4
RZV-NCLOUD-01;10.1.42.21;;;in operation;CentOS Linux 7.9.2009
RZV-OCR-01.bev.int;10.2.3.8;;;in operation;Windows Server 2003 Standard
RZV-OCR-02.bev.int;10.2.3.5;;;in operation;Windows Server 2003 Standard
RZV-OCR-03.bev.int;;rz2-esx-32.bev.int;CL_PU;in operation;Windows Server 2019 Datacenter
RZV-OEUADM-02.beu.local;10.70.2.139;RZ2-ESX-41;CL_BEU;in operation;Windows Server 2016
RZV-OEUARC-01;;RZ1-ESX-41;CL_BEU;in operation;Red Hat Enterprise Server 6.10
RZV-OEUCTS-02;;RZ1-ESX-51.bev.int;CL_BEU;in operation;Red Hat Enterprise Server 7.9
RZV-OEUOTD-02;10.70.2.147;RZ1-ESX-41;CL_BEU;in operation;CentOS Linux 7.9.2009
rzv-ogb-01.bev.int;10.1.64.55;RZ1-ESX-46;CL_DB;in operation;Red Hat Enterprise Server 5.10
rzv-oli-01.bev.int;10.1.64.50;RZ1-ESX-46;CL_DB;in operation;Red Hat Enterprise Server 5.9
rzv-opsi-01.bev.int;;;;in operation;Rocky Linux release 8.10
rzv-orc-01.ega.local;;RZ1-ESX-46;CL_DB;in operation;Red Hat Enterprise Server 5.9
rzv-otd-02.bev.int;10.1.64.148;RZ1-ESX-36;CL_DMZ;in operation;CentOS Linux 7.9.2009
RZV-OTUADM-02.btu.local;10.75.1.140;RZ1-ESX-37;CL_DMZ;in operation;Windows Server 2019
rzv-otuarc-01.btu.local;10.75.1.142;RZ1-ESX-36;CL_DMZ;in operation;Red Hat Enterprise Linux 8.8
rzv-otucts-02.btu.local;;RZ2-ESX-36;CL_DMZ;in operation;Red Hat Enterprise Server 7.9
rzv-otuotd-02.btu.local;10.75.1.148;RZ1-ESX-37;CL_DMZ;in operation;CentOS Linux 7.9.2009
RZV-OTUSCM-01;10.75.1.91;RZ1-ESX-36;CL_DMZ;in operation;CentOS Linux 7.9.2009
rzv-poptest-01.bev.int;10.2.8.101;;;in operation;Rocky Linux 9.5
RZV-POR-01.user.bev.int;10.2.3.120;RZ1-ESX-31;CL_PU;in operation;Windows Server 2003
RZV-POR-02.user.bev.int;10.2.3.122;RZ1-ESX-31;CL_PU;in operation;Windows Server 2003
RZV-PTR-03.bev.int;10.2.2.153;rz2-esx-32.bev.int;CL_PU;in operation;Windows Server 2008 R2 Standard
RZV-PTR-04.bev.int;10.2.2.154;RZ2-ESX-50;CL_PU;in operation;Windows Server 2008 R2 Standard
RZV-PTR-11.bev.int;10.2.3.101;;;in operation;Windows Server 2008 R2 Standard
RZV-PTR-12.bev.int;10.2.3.102;RZ1-ESX-34;CL_PU;in operation;Windows Server 2008 R2 Standard
RZV-PTR-13.bev.int;10.2.3.103;rz2-esx-34.bev.int;CL_PU;in operation;Windows Server 2008 R2 Standard
RZV-PTR-14.bev.int;10.2.3.104;RZ2-ESX-31;CL_PU;in operation;Windows Server 2008 R2 Standard
RZV-PTR-31.bev.int;10.2.2.155;;;in operation;Windows Server 2019 Datacenter
rzv-pupgsql16-01.bev.int;10.1.64.110;RZ2-ESX-46;CL_DB;in operation;Rocky Linux 9.6
RZV-PVS-01;;RZ1-ESX-31;CL_PU;in operation;Red Hat Enterprise Server 5.3
RZV-QLOOK-01;10.1.11.13;RZ1-ESX-39;CL_WEB;in operation;CentOS 6
RZV-QRC-01;10.2.6.12;;;in operation;CentOS Linux 7.8.2003
RZV-REPORT-01.bev.int;10.2.5.11;RZ1-ESX-32;CL_PU;in operation;Windows Server 2008 R2 Standard
RZV-REPORT-02.bev.int;10.2.5.12;RZ2-ESX-31;CL_PU;in operation;Windows Server 2019 Datacenter
RZV-RICOH-03.bev.int;10.2.2.156;rz2-esx-34.bev.int;CL_PU;in operation;Windows Server 2019 Datacenter
RZV-SAMDB-01.bev.int;;;;in operation;Windows Server 2019 Datacenter
RZV-SCM-01;10.1.64.91;RZ1-ESX-36;CL_DMZ;in operation;CentOS Linux 7.9.2009
rzv-sde-01.ega.local;;RZ1-ESX-47;CL_DB;in operation;Red Hat Enterprise Server 5.9
RZV-SFTPBMF-01.bev.int;10.1.41.71;RZ1-ESX-36;CL_DMZ;in operation;Windows Server 2019 Datacenter
RZV-SLR-01.bev.int;10.2.7.13;;;in operation;Windows Server 2008 R2 Standard
RZV-SPI-01.bev.int;10.2.3.31;;;in operation;Windows Server 2008 R2 Standard
RZV-SPIDB-01.bev.int;10.2.3.33;RZ1-ESX-33;CL_PU;in operation;Windows Server 2008 R2 Standard
RZV-SQL-01.bev.int;10.1.64.64;RZ1-ESX-37;CL_DMZ;in operation;Windows Server 2008 R2 Standard
RZV-SQLPU-01.bev.int;10.1.64.65;RZ2-ESX-36;CL_DMZ;in operation;Windows Server 2008 R2 Standard
RZV-SSHDL-01;10.2.6.40;;;in operation;Rocky Linux 9.4
RZV-STD-01.bev.int;10.2.6.104;rz2-esx-32.bev.int;CL_PU;in operation;Windows Server 2003 Standard
RZV-STF-01.bev.int;10.2.7.2;;;in operation;Windows Server 2008 R2 Standard
RZV-STF-11.bev.int;10.2.7.115;;;in operation;Windows Server 2019 Datacenter
RZV-STF-12.bev.int;10.2.7.116;;;in operation;Windows Server 2019 Datacenter
RZV-SVN-01;10.2.3.13;RZ1-ESX-32;CL_PU;in operation;CentOS 5.5
rzv-svn-01.bev.int;10.2.3.13;;;in operation;CentOS 5.5
RZV-TAS-02.bev.int;10.2.5.227;;;in operation;Windows Server 2008 R2 Standard
RZV-TAS-03.bev.int;10.2.5.226;;;in operation;Windows Server 2019 Datacenter
rzv-tcs-01.bev.int;10.2.3.23;rz2-esx-32.bev.int;CL_PU;in operation;Rocky Linux 9.4
RZV-THP-01.bev.int;10.2.8.13;RZ2-ESX-31;CL_PU;in operation;Windows Server 2019 Datacenter
RZV-THP-02.bev.int;10.2.8.4;RZ1-ESX-31;CL_PU;in operation;Windows Server 2008 R2 Standard
RZV-TRA-01;;RZ1-ESX-39;CL_WEB;in operation;CentOS Linux 7.9.2009
RZV-TRA-02;10.1.42.32;RZ1-ESX-39;CL_WEB;in operation;CentOS Linux 7.8.2003
RZV-TRA-03;;RZ2-ESX-59;CL_WEB;in operation;CentOS Linux 7.8.2003
RZV-TSK-01.bev.int;10.2.2.80;RZ2-ESX-31;CL_PU;in operation;Windows Server 2019 Datacenter
RZV-TUPGSQL16-01;10.75.1.21;RZ2-ESX-46;CL_DB;in operation;Rocky Linux 9.5
RZV-TUPGSQL16-02;10.75.1.110;RZ2-ESX-46;CL_DB;in operation;Rocky Linux 9.6
RZV-VA0-01.bev.int;10.2.3.51;RZ1-ESX-32;CL_PU;in operation;Windows Server 2008 R2 Standard
RZV-VA0-03.bev.int;10.2.3.52;RZ1-ESX-31;CL_PU;in operation;Windows Server 2008 R2 Standard
RZV-VA0-04.bev.int;10.2.3.53;RZ1-ESX-32;CL_PU;in operation;Windows Server 2008 R2 Standard
RZV-VA0-06.bev.int;10.2.3.54;RZ1-ESX-31;CL_PU;in operation;Windows Server 2008 R2 Standard
RZV-VA0-07.bev.int;10.2.3.55;RZ1-ESX-31;CL_PU;in operation;Windows Server 2008 R2 Standard
RZV-VA0-11.bev.int;10.2.3.56;RZ1-ESX-31;CL_PU;in operation;Windows Server 2008 R2 Standard
RZV-VA0-12.bev.int;10.2.3.57;;;in operation;Windows Server 2008 R2 Standard
RZV-VA0-19.bev.int;10.2.3.58;RZ1-ESX-31;CL_PU;in operation;Windows Server 2008 R2 Standard
RZV-VA0-23.bev.int;10.2.3.59;RZ1-ESX-31;CL_PU;in operation;Windows Server 2008 R2 Standard
RZV-VA0-30.bev.int;10.2.3.60;RZ1-ESX-31;CL_PU;in operation;Windows Server 2008 R2 Standard
RZV-VA0-32.bev.int;10.2.3.61;RZ1-ESX-31;CL_PU;in operation;Windows Server 2008 R2 Standard
RZV-VA0-34.bev.int;10.2.3.62;RZ1-ESX-32;CL_PU;in operation;Windows Server 2008 R2 Standard
RZV-VA0-40.bev.int;10.2.3.63;RZ1-ESX-31;CL_PU;in operation;Windows Server 2008 R2 Standard
RZV-VA0-41.bev.int;10.2.3.64;RZ1-ESX-32;CL_PU;in operation;Windows Server 2008 R2 Standard
RZV-VA0-42.bev.int;10.2.3.65;;;in operation;Windows Server 2008 R2 Standard
RZV-VA0-45.bev.int;10.2.3.66;RZ1-ESX-31;CL_PU;in operation;Windows Server 2008 R2 Standard
RZV-VA0-46.bev.int;10.2.3.67;;;in operation;Windows Server 2008 R2 Standard
RZV-VA0-47.bev.int;10.2.3.68;;;in operation;Windows Server 2008 R2 Standard
RZV-VA0-49.bev.int;10.2.3.69;RZ1-ESX-31;CL_PU;in operation;Windows Server 2008 R2 Standard
RZV-VA0-50.bev.int;10.2.3.70;;;in operation;Windows Server 2008 R2 Standard
RZV-VA0-51.bev.int;10.2.3.71;RZ1-ESX-31;CL_PU;in operation;Windows Server 2008 R2 Standard
RZV-VA0-55.bev.int;10.2.3.72;RZ1-ESX-34;CL_PU;in operation;Windows Server 2008 R2 Standard
RZV-VA0-56.bev.int;10.2.3.73;;;in operation;Windows Server 2008 R2 Standard
RZV-VA0-57.bev.int;10.2.3.74;;;in operation;Windows Server 2008 R2 Standard
RZV-VA0-60.bev.int;10.2.3.75;RZ1-ESX-32;CL_PU;in operation;Windows Server 2008 R2 Standard
RZV-VA0-62.bev.int;10.2.3.76;RZ1-ESX-34;CL_PU;in operation;Windows Server 2008 R2 Standard
RZV-VA0-63.bev.int;10.2.3.77;rz2-esx-32.bev.int;CL_PU;in operation;Windows Server 2008 R2 Standard
RZV-VA0-65.bev.int;10.2.3.78;rz2-esx-32.bev.int;CL_PU;in operation;Windows Server 2008 R2 Standard
RZV-VA0-66.bev.int;10.2.3.79;;;in operation;Windows Server 2008 R2 Standard
RZV-VA0-67.bev.int;10.2.3.80;;;in operation;Windows Server 2008 R2 Standard
RZV-VA0-68.bev.int;10.2.3.81;RZ1-ESX-31;CL_PU;in operation;Windows Server 2008 R2 Standard
RZV-VA0-72.bev.int;10.2.3.82;RZ1-ESX-33;CL_PU;in operation;Windows Server 2008 R2 Standard
RZV-VA0-73.bev.int;10.2.3.83;;;in operation;Windows Server 2008 R2 Standard
RZV-VA0-75.bev.int;10.2.3.84;rz2-esx-32.bev.int;CL_PU;in operation;Windows Server 2008 R2 Standard
RZV-VA0-76.bev.int;10.2.3.85;RZ1-ESX-32;CL_PU;in operation;Windows Server 2008 R2 Standard
RZV-VA0-80.bev.int;10.2.3.86;RZ1-ESX-31;CL_PU;in operation;Windows Server 2008 R2 Standard
RZV-VA0-81.bev.int;10.2.3.87;RZ2-ESX-31;CL_PU;in operation;Windows Server 2008 R2 Standard
RZV-VA0-83.bev.int;10.2.3.88;;;in operation;Windows Server 2008 R2 Standard
RZV-VA0-85.bev.int;10.2.3.89;RZ1-ESX-31;CL_PU;in operation;Windows Server 2008 R2 Standard
RZV-VA0-90.bev.int;10.2.3.90;;;in operation;Windows Server 2008 R2 Standard
RZV-VA0-91.bev.int;10.2.3.91;RZ1-ESX-34;CL_PU;in operation;Windows Server 2008 R2 Standard
RZV-VAT-63-3.bev.int;10.2.3.143;RZ1-ESX-34;CL_PU;in operation;Windows Server 2008 R2 Standard
RZV-VCB-01.bev.int;10.2.8.150;RZ1-ESX-34;CL_PU;in operation;Windows Server 2019 Datacenter
rzv-vdb-01.bev.int;10.1.64.40;RZ1-ESX-46;CL_DB;in operation;Red Hat Enterprise Server 5.9
rzv-vtukmo-01.btu.local;;RZ1-ESX-47;CL_DB;in operation;Oracle Linux Server 8.6
rzv-vtuorc-01.btu.local;10.75.1.40;RZ1-ESX-46;CL_DB;in operation;Red Hat Enterprise Server 5.9
RZV-VVC-01.bev.int;10.2.9.100;;;in operation;VMware Photon OS
RZV-VVCSQL-01.bev.int;10.1.64.63;RZ1-ESX-36;CL_DMZ;in operation;Windows Server 2008 R2 Standard
RZV-VVCSQL-02;;RZ1-ESX-36;CL_DMZ;in operation;Windows Server 2008 R2
rzv-wbc-01.ega.local;10.1.33.22;RZ1-ESX-36;CL_DMZ;in operation;Windows
rzv-wbc-02.ega.local;10.1.33.122;RZ1-ESX-37;CL_DMZ;in operation;Windows
RZV-WCD-01;;RZ1-ESX-39;CL_WEB;in operation;CentOS Linux 7.5.1804
RZV-WIN-01.extern.local;10.2.3.201;RZ1-ESX-31;CL_PU;in operation;Windows Server 2019
RZV-WIN-02.extern.local;10.2.3.202;rz2-esx-32.bev.int;CL_PU;in operation;Windows Server 2019
RZV-ZWR-01;10.1.43.41;RZ1-ESX-39;CL_WEB;in operation;CentOS 7
RZV-ZWR-02;10.1.15.42;RZ1-ESX-39;CL_WEB;in operation;CentOS 7
RZV-ZWR-03;10.1.15.43;RZ1-ESX-39;CL_WEB;in operation;CentOS 7
SENTRY-1;;RZ2-ESX-31;CL_PU;in operation;CentOS Linux 7.9.2009
ssh-test;;RZ1-ESX-32;CL_PU;in operation;Rocky Linux
stpdev.bev.gv.at;10.70.5.60;;;in operation;Rocky Linux 9.6
TELEFONBUCH-01;10.2.20.41;RZ1-ESX-34;CL_PU;in operation;Rocky Linux 9.4
temp_CentOS_5.5_64_5GB2011;;RZ1-ESX-33;CL_PU;in operation;Red Hat Enterprise Linux 5
temp_CentOS_6.5_Opentext;;RZ1-ESX-34;CL_PU;in operation;Red Hat Enterprise Linux 6
temp_CentOS_6.7_Opentext;;RZ1-ESX-32;CL_PU;in operation;Red Hat Enterprise Linux 6
temp_CentOS_7.2_ACDC_FTP_intern;;RZ1-ESX-34;CL_PU;in operation;CentOS
temp_CentOS_7.2_ACDC_GNOME;;RZ1-ESX-34;CL_PU;in operation;CentOS
temp_CentOS_7.2_ACDC_GNOME_WEB;;RZ1-ESX-33;CL_PU;in operation;CentOS
temp_CentOS_7.2_DOP20;;RZ1-ESX-34;CL_PU;in operation;CentOS
temp_CentOS_7.2_minimal;;RZ1-ESX-31;CL_PU;in operation;CentOS
temp_CentOS_7.2_minimal_Erwin;;RZ1-ESX-32;CL_PU;in operation;CentOS
temp_CentOS_7.3_minimal;;RZ1-ESX-31;CL_PU;in operation;CentOS
temp_CentOS_7.4_IMD;;RZ1-ESX-32;CL_PU;in operation;CentOS
temp_CentOS_7.4_minimal;;RZ1-ESX-34;CL_PU;in operation;CentOS
temp_CentOS_7.4_portal;;RZ1-ESX-32;CL_PU;in operation;CentOS
temp_CentOS_7.4_portal_20GB;;RZ1-ESX-31;CL_PU;in operation;CentOS
temp_CentOS_7.5_minimal;;RZ1-ESX-33;CL_PU;in operation;CentOS
temp_CentOS_7.5_Tomcat;;RZ1-ESX-34;CL_PU;in operation;CentOS
temp_CentOS_7.6_BEUCLX-00;;RZ2-ESX-33;CL_PU;in operation;CentOS
temp_CentOS_7.6_minimal;;RZ1-ESX-31;CL_PU;in operation;CentOS
temp_CentOS_7.7_minimal;;RZ1-ESX-31;CL_PU;in operation;CentOS
temp_CentOS_8.1_esp;;RZ1-ESX-31;CL_PU;in operation;CentOS
temp_CentOS_8.1_minimal;;RZ1-ESX-32;CL_PU;in operation;CentOS
temp_CentOS6.2_201206;;RZ1-ESX-32;CL_PU;in operation;Red Hat Enterprise Linux 6
temp_CentOS6.5_201403;;RZ1-ESX-32;CL_PU;in operation;Red Hat Enterprise Linux 6
temp_CentOS6.6_201504;;RZ1-ESX-34;CL_PU;in operation;Red Hat Enterprise Linux 6
temp_CentOS6.6_201505_24GB_HD;;RZ1-ESX-34;CL_PU;in operation;Red Hat Enterprise Linux 6
temp_CentOS6.6_201505_minHD;;RZ1-ESX-31;CL_PU;in operation;Red Hat Enterprise Linux 6
temp_GEUXPE2011;;RZ1-ESX-33;CL_PU;in operation;Windows XP
temp_OracleLinux_7.4;;RZ1-ESX-32;CL_PU;in operation;Oracle Linux 4/5
temp_OracleLinux_7.6;;RZ1-ESX-46;CL_DB;in operation;Oracle Linux 4/5
temp_OracleLinux_8.3_minimal;;RZ1-ESX-47;CL_DB;in operation;Oracle Linux 4/5
temp_rh2.1_2007;;RZ1-ESX-34;CL_PU;in operation;Linux
temp_RHEL_5.10_OracleTemplate_16GB_Swap;;RZ1-ESX-46;CL_DB;in operation;Red Hat Enterprise Linux 5
temp_RHEL_5.11_64;;RZ1-ESX-31;CL_PU;in operation;Red Hat Enterprise Linux 5
temp_RHEL_6.5_minimal;;RZ1-ESX-31;CL_PU;in operation;Red Hat Enterprise Linux 6
temp_RHEL_6.6_OpenText;;RZ1-ESX-34;CL_PU;in operation;Red Hat Enterprise Linux 6
temp_RHEL_7.2_OpenText;;RZ1-ESX-33;CL_PU;in operation;Red Hat Enterprise Linux 6
temp_RHEL_7.2_OpenText_CTS2;;RZ1-ESX-34;CL_PU;in operation;Red Hat Enterprise Linux 6
temp_RHEL_7.2_OpenText_OC_CTS2;;RZ1-ESX-31;CL_PU;in operation;Red Hat Enterprise Linux 6
temp_RHEL_7.3;;RZ1-ESX-31;CL_PU;in operation;Red Hat Enterprise Linux 6
temp_RHEL_8.7_minimal;;;;in operation;CentOS
temp_RockyLinux_8_XFCE_V1_1.3;;RZ1-ESX-31;CL_PU;in operation;CentOS
temp_RockyLinux_8.4_kafkasmq;;RZ1-ESX-31;CL_PU;in operation;CentOS
temp_RockyLinux_8.4_minimal;;RZ1-ESX-31;CL_PU;in operation;CentOS
temp_RockyLinux_8.5_AppServerGammer;;;;in operation;CentOS
temp_RockyLinux_8.5_minimal;;RZ1-ESX-31;CL_PU;in operation;CentOS
temp_RockyLinux_8.9_BEUCIO;;RZ1-ESX-41;CL_BEU;in operation;CentOS
temp_RockyLinux_9_XFCE_1.0;;RZ2-ESX-33;CL_PU;in operation;CentOS
temp_RockyLinux_9.1_minimal;;RZ2-ESX-33;CL_PU;in operation;CentOS
temp_RockyLinux_9.2_LDAP;;RZ1-ESX-50;CL_PU;in operation;CentOS
temp_RockyLinux_9.x_BEUCIO;;RZ2-ESX-41;CL_BEU;in operation;CentOS
temp_Ubuntu-2004-Server-minimal;;RZ1-ESX-31;CL_PU;in operation;Ubuntu
temp_VASVR201309;;RZ1-ESX-34;CL_PU;in operation;Windows Server 2003 Standard
temp_VASvrW2k8;;RZ1-ESX-33;CL_PU;in operation;Windows Server 2008 R2
temp_W2k3SP2_2013;;RZ1-ESX-32;CL_PU;in operation;Windows Server 2003 Enterprise
temp_w2k8r2-19;;RZ1-ESX-31;CL_PU;in operation;Windows Server 2008 R2
temp_W7-64_20110509;;RZ1-ESX-34;CL_PU;in operation;Windows 7
temp_XPSP3_2011;;RZ1-ESX-32;CL_PU;in operation;Windows XP
temp-GEUVW716-2;;RZ1-ESX-41;CL_BEU;in operation;Windows 7
temp-W7x64-2017;;RZ1-ESX-33;CL_PU;in operation;Windows 7
tenable-1dw7r46r;10.1.51.51;RZ2-ESX-36;CL_DMZ;in operation;CentOS
TESTVUM2;10.2.8.184;RZ1-ESX-34;CL_PU;in operation;Windows Server 2019
tmcm01;10.2.1.140;rz2-esx-32.bev.int;CL_PU;in operation;Windows Server 2019
tmcm02;10.2.1.141;RZ2-ESX-31;CL_PU;in operation;Windows Server 2019
tmdeep01.bev.int;10.2.1.171;RZ1-ESX-34;CL_PU;in operation;Windows Server 2019
tmdeep02.bev.int;10.2.1.172;rz2-esx-34.bev.int;CL_PU;in operation;Windows Server 2019
tmdsrelay01.bev.int;;RZ1-ESX-31;CL_PU;in operation;Rocky Linux 8.5
tmdsrelay02.bev.int;10.2.1.178;rz2-esx-34.bev.int;CL_PU;in operation;Rocky Linux 8.5
tmp-GEUW10-23;;RZ2-ESX-41;CL_BEU;in operation;Windows 10
tmp-w2k19;;RZ1-ESX-34;CL_PU;in operation;Windows Server 2016
tmp-w2k19-2024;;RZ1-ESX-41;CL_BEU;in operation;Windows Server 2016
tmp-w2k19datac;;RZ1-ESX-32;CL_PU;in operation;Windows Server 2016
TMSPS01;;RZ1-ESX-50;CL_PU;in operation;CentOS 7
triton01.user.bev.int;10.2.1.33;RZ1-ESX-34;CL_PU;in operation;Windows Server 2019 Datacenter
V-WIKI;;RZ1-ESX-50;CL_PU;in operation;CentOS Linux 7.8.2003
V000-IS-3-SVR;;RZ1-ESX-34;CL_PU;inoperative;Windows 2000 Advanced Server
VCMAILRELAY;10.2.9.60;RZ1-ESX-31;CL_PU;in operation;Rocky Linux 8.5
VDE-1;10.1.23.61;RZ1-ESX-36;CL_DMZ;in operation;Rocky Linux 8.9
VDE-2;;RZ2-ESX-36;CL_DMZ;in operation;Rocky Linux 8.9
VDE-3;;RZ1-ESX-37;CL_DMZ;in operation;Rocky Linux 8.9
VDE-4;;RZ1-ESX-39;CL_WEB;in operation;Rocky Linux 8.9
VDE-5;10.1.42.65;RZ1-ESX-39;CL_WEB;in operation;Rocky Linux 8.9
VDE-6;10.1.42.66;RZ1-ESX-39;CL_WEB;in operation;Rocky Linux 8.9
VDE-7;;RZ1-ESX-39;CL_WEB;in operation;Rocky Linux 8.9
VDE-8;;RZ2-ESX-37;CL_DMZ;in operation;Rocky Linux 8.9
vdi-nvidia-lic1.bev.int;10.2.9.191;RZ1-ESX-33;CL_PU;in operation;Ubuntu Linux
vdi-nvidia-lic3.bev.int;10.2.9.193;;;in operation;Ubuntu Linux
vdicomp-02.bev.int;10.2.9.134;RZ2-ESX-31;CL_PU;in operation;Windows Server 2019 Datacenter
VDICON-01.bev.int;10.2.9.121;RZ2-ESX-31;CL_PU;in operation;Windows Server 2019 Datacenter
vdicon-02.bev.int;10.2.9.132;RZ1-ESX-34;CL_PU;in operation;Windows Server 2019 Datacenter
VDICON-33.bev.int;10.2.9.133;RZ2-ESX-31;CL_PU;in operation;Windows Server 2019 Datacenter
vdiloginsight.bev.int;10.2.9.124;;;in operation;SuSE Linux Enterprise Server 11
vdinsx-01.bev.int;10.2.9.123;RZ2-ESX-33;CL_PU;in operation;Other 4.x or later Linux
vdinsxm-02.bev.int;10.2.9.142;RZ1-ESX-50;CL_PU;in operation;Linux
vdinsxm-03.bev.int;10.2.9.143;RZ2-ESX-33;CL_PU;in operation;Linux
vdinsxm-04;;RZ2-ESX-33;CL_PU;in operation;Ubuntu
vdinsxm.bev.int;;RZ1-ESX-33;CL_PU;in operation;Linux
vdivcsa.bev.int;10.2.9.120;;;in operation;VMware Photon OS
VERSION-1;10.2.3.16;;;in operation;CentOS Linux 7.9.2009
VERSION-2;10.1.29.51;;;in operation;CentOS 7
vmwareVCSAupdate;10.2.8.152;RZ1-ESX-32;CL_PU;in operation;CentOS Linux 7.9.2009
VPN-01;10.1.20.11;RZ1-ESX-59;CL_WEB;in operation;Windows Server 2019
vrops-node;10.2.8.183;RZ1-ESX-33;CL_PU;in operation;VMware Photon OS
vvcctx-01.bev.int;10.2.9.106;RZ2-ESX-31;CL_PU;in operation;VMware Photon OS
W10checkpoint;10.6.9.230;rz2-esx-51.bev.int;CL_BEU;in operation;Windows 10
wfs.bev.gv.at;;RZ1-ESX-34;CL_PU;in operation;Rocky Linux 8.5
wsus02;10.1.25.25;RZ1-ESX-36;CL_DMZ;in operation;Windows
XFCE-Test;;RZ1-ESX-32;CL_PU;in operation;CentOS
XP8Test_CO7;;RZ1-ESX-41;CL_BEU;in operation;CentOS
XP8Test-RL9;;RZ1-ESX-41;CL_BEU;in operation;CentOS
XP8Test-W2k19;10.70.2.190;RZ1-ESX-41;CL_BEU;in operation;Windows Server 2019
ZDA-2;10.2.3.22;;;in operation;CentOS Linux 7.8.2003
ZLH-01;;;;in operation;CentOS Linux 7.9.2009
ZLH-02;;;;in operation;CentOS Linux 7.9.2009
ZLHRADM-01.bev.int;10.1.41.50;RZ1-ESX-36;CL_DMZ;in operation;Windows Server 2008 R2 Standard
